{
  "type": "Feature",
  "properties": {
    "id": "chosica",
    "name": "Quebrada Huaycoloro — subcuenca candidata",
    "dataset": "Copernicus DEM GLO-30 Public",
    "method": "DEM+D8+flow accumulation+explicit upstream topology traversal",
    "reference_area_km2": 492.31,
    "delineated_area_km2": 484.122,
    "relative_area_error_pct": 1.66,
    "validation_status": "PASS",
    "topology_status": "CONSISTENT",
    "spatial_context_status": "CONSISTENT",
    "outlet_lon": -76.9445833,
    "outlet_lat": -12.0140278,
    "outlet_distance_reference_km": 1.107,
    "production_ready": false,
    "note": "Candidato DEM para validación. La canalización Huaycoloro inaugurada en 2025 obliga a revisar la respuesta hidráulica antes de producción."
  },
  "geometry": {
    "type": "Polygon",
    "coordinates": [
      [
        [
          -76.75111111111111,
          -11.729722222222222
        ],
        [
          -76.75055555555555,
          -11.729722222222222
        ],
        [
          -76.75055555555555,
          -11.729999999999999
        ],
        [
          -76.75027777777778,
          -11.729999999999999
        ],
        [
          -76.75027777777778,
          -11.730277777777777
        ],
        [
          -76.74972222222222,
          -11.730277777777777
        ],
        [
          -76.74972222222222,
          -11.730555555555554
        ],
        [
          -76.74944444444445,
          -11.730555555555554
        ],
        [
          -76.74944444444445,
          -11.730833333333333
        ],
        [
          -76.74916666666667,
          -11.730833333333333
        ],
        [
          -76.74916666666667,
          -11.73111111111111
        ],
        [
          -76.74888888888889,
          -11.73111111111111
        ],
        [
          -76.74888888888889,
          -11.731388888888889
        ],
        [
          -76.74861111111112,
          -11.731388888888889
        ],
        [
          -76.74861111111112,
          -11.731666666666666
        ],
        [
          -76.74833333333333,
          -11.731666666666666
        ],
        [
          -76.74833333333333,
          -11.732222222222221
        ],
        [
          -76.74805555555555,
          -11.732222222222221
        ],
        [
          -76.74805555555555,
          -11.7325
        ],
        [
          -76.74777777777778,
          -11.7325
        ],
        [
          -76.74777777777778,
          -11.732777777777777
        ],
        [
          -76.7475,
          -11.732777777777777
        ],
        [
          -76.7475,
          -11.733055555555556
        ],
        [
          -76.74694444444445,
          -11.733055555555556
        ],
        [
          -76.74694444444445,
          -11.733333333333333
        ],
        [
          -76.74666666666667,
          -11.733333333333333
        ],
        [
          -76.74666666666667,
          -11.733888888888888
        ],
        [
          -76.74638888888889,
          -11.733888888888888
        ],
        [
          -76.74638888888889,
          -11.734722222222222
        ],
        [
          -76.7461111111111,
          -11.734722222222222
        ],
        [
          -76.7461111111111,
          -11.735
        ],
        [
          -76.74583333333334,
          -11.735
        ],
        [
          -76.74583333333334,
          -11.735277777777778
        ],
        [
          -76.74555555555555,
          -11.735277777777778
        ],
        [
          -76.74555555555555,
          -11.735555555555555
        ],
        [
          -76.74388888888889,
          -11.735555555555555
        ],
        [
          -76.74388888888889,
          -11.735833333333332
        ],
        [
          -76.7425,
          -11.735833333333332
        ],
        [
          -76.7425,
          -11.73611111111111
        ],
        [
          -76.74166666666667,
          -11.73611111111111
        ],
        [
          -76.74166666666667,
          -11.735833333333332
        ],
        [
          -76.74083333333333,
          -11.735833333333332
        ],
        [
          -76.74083333333333,
          -11.73611111111111
        ],
        [
          -76.74055555555556,
          -11.73611111111111
        ],
        [
          -76.74055555555556,
          -11.736388888888888
        ],
        [
          -76.73972222222223,
          -11.736388888888888
        ],
        [
          -76.73972222222223,
          -11.73611111111111
        ],
        [
          -76.73916666666666,
          -11.73611111111111
        ],
        [
          -76.73916666666666,
          -11.735833333333332
        ],
        [
          -76.73861111111111,
          -11.735833333333332
        ],
        [
          -76.73861111111111,
          -11.735555555555555
        ],
        [
          -76.73777777777778,
          -11.735555555555555
        ],
        [
          -76.73777777777778,
          -11.735277777777778
        ],
        [
          -76.7375,
          -11.735277777777778
        ],
        [
          -76.7375,
          -11.735
        ],
        [
          -76.73666666666666,
          -11.735
        ],
        [
          -76.73666666666666,
          -11.734722222222222
        ],
        [
          -76.7363888888889,
          -11.734722222222222
        ],
        [
          -76.7363888888889,
          -11.734444444444444
        ],
        [
          -76.73555555555555,
          -11.734444444444444
        ],
        [
          -76.73555555555555,
          -11.736388888888888
        ],
        [
          -76.73527777777778,
          -11.736388888888888
        ],
        [
          -76.73527777777778,
          -11.737499999999999
        ],
        [
          -76.735,
          -11.737499999999999
        ],
        [
          -76.735,
          -11.738333333333333
        ],
        [
          -76.73472222222222,
          -11.738333333333333
        ],
        [
          -76.73472222222222,
          -11.73861111111111
        ],
        [
          -76.73388888888888,
          -11.73861111111111
        ],
        [
          -76.73388888888888,
          -11.738888888888889
        ],
        [
          -76.73333333333333,
          -11.738888888888889
        ],
        [
          -76.73333333333333,
          -11.739166666666666
        ],
        [
          -76.73305555555555,
          -11.739166666666666
        ],
        [
          -76.73305555555555,
          -11.739444444444445
        ],
        [
          -76.73277777777778,
          -11.739444444444445
        ],
        [
          -76.73277777777778,
          -11.739722222222222
        ],
        [
          -76.7325,
          -11.739722222222222
        ],
        [
          -76.7325,
          -11.74
        ],
        [
          -76.73222222222222,
          -11.74
        ],
        [
          -76.73222222222222,
          -11.740277777777777
        ],
        [
          -76.73194444444445,
          -11.740277777777777
        ],
        [
          -76.73194444444445,
          -11.740833333333333
        ],
        [
          -76.73166666666667,
          -11.740833333333333
        ],
        [
          -76.73166666666667,
          -11.741111111111111
        ],
        [
          -76.73138888888889,
          -11.741111111111111
        ],
        [
          -76.73138888888889,
          -11.741388888888888
        ],
        [
          -76.73111111111112,
          -11.741388888888888
        ],
        [
          -76.73111111111112,
          -11.741944444444444
        ],
        [
          -76.73083333333334,
          -11.741944444444444
        ],
        [
          -76.73083333333334,
          -11.742222222222221
        ],
        [
          -76.73055555555555,
          -11.742222222222221
        ],
        [
          -76.73055555555555,
          -11.7425
        ],
        [
          -76.73027777777777,
          -11.7425
        ],
        [
          -76.73027777777777,
          -11.742777777777777
        ],
        [
          -76.73,
          -11.742777777777777
        ],
        [
          -76.73,
          -11.743055555555555
        ],
        [
          -76.72972222222222,
          -11.743055555555555
        ],
        [
          -76.72972222222222,
          -11.743333333333332
        ],
        [
          -76.72888888888889,
          -11.743333333333332
        ],
        [
          -76.72888888888889,
          -11.743611111111111
        ],
        [
          -76.7286111111111,
          -11.743611111111111
        ],
        [
          -76.7286111111111,
          -11.743888888888888
        ],
        [
          -76.72805555555556,
          -11.743888888888888
        ],
        [
          -76.72805555555556,
          -11.744166666666667
        ],
        [
          -76.72777777777777,
          -11.744166666666667
        ],
        [
          -76.72777777777777,
          -11.744722222222222
        ],
        [
          -76.7275,
          -11.744722222222222
        ],
        [
          -76.7275,
          -11.745277777777778
        ],
        [
          -76.72638888888889,
          -11.745277777777778
        ],
        [
          -76.72638888888889,
          -11.745555555555555
        ],
        [
          -76.72611111111111,
          -11.745555555555555
        ],
        [
          -76.72611111111111,
          -11.745833333333334
        ],
        [
          -76.72583333333334,
          -11.745833333333334
        ],
        [
          -76.72583333333334,
          -11.74638888888889
        ],
        [
          -76.72555555555556,
          -11.74638888888889
        ],
        [
          -76.72555555555556,
          -11.747222222222222
        ],
        [
          -76.72527777777778,
          -11.747222222222222
        ],
        [
          -76.72527777777778,
          -11.748333333333333
        ],
        [
          -76.725,
          -11.748333333333333
        ],
        [
          -76.725,
          -11.74861111111111
        ],
        [
          -76.72444444444444,
          -11.74861111111111
        ],
        [
          -76.72444444444444,
          -11.748888888888889
        ],
        [
          -76.72416666666666,
          -11.748888888888889
        ],
        [
          -76.72416666666666,
          -11.749166666666666
        ],
        [
          -76.72333333333333,
          -11.749166666666666
        ],
        [
          -76.72333333333333,
          -11.749444444444444
        ],
        [
          -76.72305555555556,
          -11.749444444444444
        ],
        [
          -76.72305555555556,
          -11.749722222222221
        ],
        [
          -76.72277777777778,
          -11.749722222222221
        ],
        [
          -76.72277777777778,
          -11.75
        ],
        [
          -76.7225,
          -11.75
        ],
        [
          -76.7225,
          -11.750277777777777
        ],
        [
          -76.72222222222223,
          -11.750277777777777
        ],
        [
          -76.72222222222223,
          -11.750555555555556
        ],
        [
          -76.72194444444445,
          -11.750555555555556
        ],
        [
          -76.72194444444445,
          -11.750833333333333
        ],
        [
          -76.72166666666666,
          -11.750833333333333
        ],
        [
          -76.72166666666666,
          -11.751111111111111
        ],
        [
          -76.72083333333333,
          -11.751111111111111
        ],
        [
          -76.72083333333333,
          -11.751388888888888
        ],
        [
          -76.72027777777778,
          -11.751388888888888
        ],
        [
          -76.72027777777778,
          -11.751666666666667
        ],
        [
          -76.72,
          -11.751666666666667
        ],
        [
          -76.72,
          -11.751944444444444
        ],
        [
          -76.71972222222222,
          -11.751944444444444
        ],
        [
          -76.71972222222222,
          -11.752222222222223
        ],
        [
          -76.71944444444445,
          -11.752222222222223
        ],
        [
          -76.71944444444445,
          -11.7525
        ],
        [
          -76.71888888888888,
          -11.7525
        ],
        [
          -76.71888888888888,
          -11.752777777777776
        ],
        [
          -76.71861111111112,
          -11.752777777777776
        ],
        [
          -76.71861111111112,
          -11.753055555555555
        ],
        [
          -76.71833333333333,
          -11.753055555555555
        ],
        [
          -76.71833333333333,
          -11.753333333333332
        ],
        [
          -76.71805555555555,
          -11.753333333333332
        ],
        [
          -76.71805555555555,
          -11.75361111111111
        ],
        [
          -76.71777777777778,
          -11.75361111111111
        ],
        [
          -76.71777777777778,
          -11.753888888888888
        ],
        [
          -76.7175,
          -11.753888888888888
        ],
        [
          -76.7175,
          -11.754166666666666
        ],
        [
          -76.71722222222222,
          -11.754166666666666
        ],
        [
          -76.71722222222222,
          -11.754999999999999
        ],
        [
          -76.71694444444445,
          -11.754999999999999
        ],
        [
          -76.71694444444445,
          -11.755277777777778
        ],
        [
          -76.71666666666667,
          -11.755277777777778
        ],
        [
          -76.71666666666667,
          -11.755833333333333
        ],
        [
          -76.71638888888889,
          -11.755833333333333
        ],
        [
          -76.71638888888889,
          -11.75611111111111
        ],
        [
          -76.71583333333334,
          -11.75611111111111
        ],
        [
          -76.71583333333334,
          -11.756388888888889
        ],
        [
          -76.71555555555555,
          -11.756388888888889
        ],
        [
          -76.71555555555555,
          -11.757222222222222
        ],
        [
          -76.71583333333334,
          -11.757222222222222
        ],
        [
          -76.71583333333334,
          -11.758055555555556
        ],
        [
          -76.71611111111112,
          -11.758055555555556
        ],
        [
          -76.71611111111112,
          -11.758888888888889
        ],
        [
          -76.71583333333334,
          -11.758888888888889
        ],
        [
          -76.71583333333334,
          -11.759444444444444
        ],
        [
          -76.715,
          -11.759444444444444
        ],
        [
          -76.715,
          -11.760833333333332
        ],
        [
          -76.71527777777779,
          -11.760833333333332
        ],
        [
          -76.71527777777779,
          -11.762777777777778
        ],
        [
          -76.71555555555555,
          -11.762777777777778
        ],
        [
          -76.71555555555555,
          -11.765555555555554
        ],
        [
          -76.71583333333334,
          -11.765555555555554
        ],
        [
          -76.71583333333334,
          -11.765833333333333
        ],
        [
          -76.71416666666667,
          -11.765833333333333
        ],
        [
          -76.71416666666667,
          -11.76611111111111
        ],
        [
          -76.71305555555556,
          -11.76611111111111
        ],
        [
          -76.71305555555556,
          -11.766388888888889
        ],
        [
          -76.7125,
          -11.766388888888889
        ],
        [
          -76.7125,
          -11.766666666666666
        ],
        [
          -76.71222222222222,
          -11.766666666666666
        ],
        [
          -76.71222222222222,
          -11.766944444444444
        ],
        [
          -76.71194444444444,
          -11.766944444444444
        ],
        [
          -76.71194444444444,
          -11.767222222222221
        ],
        [
          -76.71166666666667,
          -11.767222222222221
        ],
        [
          -76.71166666666667,
          -11.7675
        ],
        [
          -76.70944444444444,
          -11.7675
        ],
        [
          -76.70944444444444,
          -11.767222222222221
        ],
        [
          -76.70777777777778,
          -11.767222222222221
        ],
        [
          -76.70777777777778,
          -11.766944444444444
        ],
        [
          -76.7075,
          -11.766944444444444
        ],
        [
          -76.7075,
          -11.766388888888889
        ],
        [
          -76.70722222222223,
          -11.766388888888889
        ],
        [
          -76.70722222222223,
          -11.76611111111111
        ],
        [
          -76.70694444444445,
          -11.76611111111111
        ],
        [
          -76.70694444444445,
          -11.765833333333333
        ],
        [
          -76.70666666666666,
          -11.765833333333333
        ],
        [
          -76.70666666666666,
          -11.765277777777778
        ],
        [
          -76.7063888888889,
          -11.765277777777778
        ],
        [
          -76.7063888888889,
          -11.764999999999999
        ],
        [
          -76.70611111111111,
          -11.764999999999999
        ],
        [
          -76.70611111111111,
          -11.764722222222222
        ],
        [
          -76.70583333333333,
          -11.764722222222222
        ],
        [
          -76.70583333333333,
          -11.764444444444443
        ],
        [
          -76.70555555555556,
          -11.764444444444443
        ],
        [
          -76.70555555555556,
          -11.764166666666666
        ],
        [
          -76.70527777777778,
          -11.764166666666666
        ],
        [
          -76.70527777777778,
          -11.76388888888889
        ],
        [
          -76.70444444444445,
          -11.76388888888889
        ],
        [
          -76.70444444444445,
          -11.76361111111111
        ],
        [
          -76.70388888888888,
          -11.76361111111111
        ],
        [
          -76.70388888888888,
          -11.763333333333334
        ],
        [
          -76.70305555555555,
          -11.763333333333334
        ],
        [
          -76.70305555555555,
          -11.76361111111111
        ],
        [
          -76.7025,
          -11.76361111111111
        ],
        [
          -76.7025,
          -11.763333333333334
        ],
        [
          -76.70222222222222,
          -11.763333333333334
        ],
        [
          -76.70222222222222,
          -11.763055555555555
        ],
        [
          -76.70194444444445,
          -11.763055555555555
        ],
        [
          -76.70194444444445,
          -11.7625
        ],
        [
          -76.70138888888889,
          -11.7625
        ],
        [
          -76.70138888888889,
          -11.762222222222222
        ],
        [
          -76.70111111111112,
          -11.762222222222222
        ],
        [
          -76.70111111111112,
          -11.761944444444444
        ],
        [
          -76.70083333333334,
          -11.761944444444444
        ],
        [
          -76.70083333333334,
          -11.761666666666667
        ],
        [
          -76.70055555555555,
          -11.761666666666667
        ],
        [
          -76.70055555555555,
          -11.761388888888888
        ],
        [
          -76.70027777777779,
          -11.761388888888888
        ],
        [
          -76.70027777777779,
          -11.760833333333332
        ],
        [
          -76.7,
          -11.760833333333332
        ],
        [
          -76.7,
          -11.760555555555555
        ],
        [
          -76.69972222222222,
          -11.760555555555555
        ],
        [
          -76.69972222222222,
          -11.760277777777777
        ],
        [
          -76.69944444444445,
          -11.760277777777777
        ],
        [
          -76.69944444444445,
          -11.76
        ],
        [
          -76.69805555555556,
          -11.76
        ],
        [
          -76.69805555555556,
          -11.759722222222221
        ],
        [
          -76.69694444444444,
          -11.759722222222221
        ],
        [
          -76.69694444444444,
          -11.759444444444444
        ],
        [
          -76.69666666666667,
          -11.759444444444444
        ],
        [
          -76.69666666666667,
          -11.759166666666665
        ],
        [
          -76.69638888888889,
          -11.759166666666665
        ],
        [
          -76.69638888888889,
          -11.758888888888889
        ],
        [
          -76.69611111111111,
          -11.758888888888889
        ],
        [
          -76.69611111111111,
          -11.75861111111111
        ],
        [
          -76.69555555555556,
          -11.75861111111111
        ],
        [
          -76.69555555555556,
          -11.758333333333333
        ],
        [
          -76.69527777777778,
          -11.758333333333333
        ],
        [
          -76.69527777777778,
          -11.758055555555556
        ],
        [
          -76.69500000000001,
          -11.758055555555556
        ],
        [
          -76.69500000000001,
          -11.757777777777777
        ],
        [
          -76.69472222222223,
          -11.757777777777777
        ],
        [
          -76.69472222222223,
          -11.7575
        ],
        [
          -76.69444444444444,
          -11.7575
        ],
        [
          -76.69444444444444,
          -11.757222222222222
        ],
        [
          -76.69416666666667,
          -11.757222222222222
        ],
        [
          -76.69416666666667,
          -11.756944444444445
        ],
        [
          -76.69361111111111,
          -11.756944444444445
        ],
        [
          -76.69361111111111,
          -11.756666666666666
        ],
        [
          -76.69055555555556,
          -11.756666666666666
        ],
        [
          -76.69055555555556,
          -11.756944444444445
        ],
        [
          -76.69,
          -11.756944444444445
        ],
        [
          -76.69,
          -11.756666666666666
        ],
        [
          -76.68972222222223,
          -11.756666666666666
        ],
        [
          -76.68972222222223,
          -11.757222222222222
        ],
        [
          -76.68944444444445,
          -11.757222222222222
        ],
        [
          -76.68944444444445,
          -11.758888888888889
        ],
        [
          -76.68916666666667,
          -11.758888888888889
        ],
        [
          -76.68916666666667,
          -11.759166666666665
        ],
        [
          -76.6888888888889,
          -11.759166666666665
        ],
        [
          -76.6888888888889,
          -11.759444444444444
        ],
        [
          -76.68861111111111,
          -11.759444444444444
        ],
        [
          -76.68861111111111,
          -11.759722222222221
        ],
        [
          -76.6888888888889,
          -11.759722222222221
        ],
        [
          -76.6888888888889,
          -11.760277777777777
        ],
        [
          -76.68833333333333,
          -11.760277777777777
        ],
        [
          -76.68833333333333,
          -11.760833333333332
        ],
        [
          -76.68805555555555,
          -11.760833333333332
        ],
        [
          -76.68805555555555,
          -11.761111111111111
        ],
        [
          -76.68694444444445,
          -11.761111111111111
        ],
        [
          -76.68694444444445,
          -11.761388888888888
        ],
        [
          -76.68638888888889,
          -11.761388888888888
        ],
        [
          -76.68638888888889,
          -11.761666666666667
        ],
        [
          -76.68611111111112,
          -11.761666666666667
        ],
        [
          -76.68611111111112,
          -11.761944444444444
        ],
        [
          -76.68583333333333,
          -11.761944444444444
        ],
        [
          -76.68583333333333,
          -11.762222222222222
        ],
        [
          -76.68305555555555,
          -11.762222222222222
        ],
        [
          -76.68305555555555,
          -11.761944444444444
        ],
        [
          -76.68277777777777,
          -11.761944444444444
        ],
        [
          -76.68277777777777,
          -11.761666666666667
        ],
        [
          -76.68055555555556,
          -11.761666666666667
        ],
        [
          -76.68055555555556,
          -11.761388888888888
        ],
        [
          -76.67805555555556,
          -11.761388888888888
        ],
        [
          -76.67805555555556,
          -11.7625
        ],
        [
          -76.67777777777778,
          -11.7625
        ],
        [
          -76.67777777777778,
          -11.764166666666666
        ],
        [
          -76.67805555555556,
          -11.764166666666666
        ],
        [
          -76.67805555555556,
          -11.76611111111111
        ],
        [
          -76.67777777777778,
          -11.76611111111111
        ],
        [
          -76.67777777777778,
          -11.766388888888889
        ],
        [
          -76.6775,
          -11.766388888888889
        ],
        [
          -76.6775,
          -11.766666666666666
        ],
        [
          -76.67722222222223,
          -11.766666666666666
        ],
        [
          -76.67722222222223,
          -11.766944444444444
        ],
        [
          -76.67694444444444,
          -11.766944444444444
        ],
        [
          -76.67694444444444,
          -11.7675
        ],
        [
          -76.67666666666666,
          -11.7675
        ],
        [
          -76.67666666666666,
          -11.767777777777777
        ],
        [
          -76.6763888888889,
          -11.767777777777777
        ],
        [
          -76.6763888888889,
          -11.768055555555556
        ],
        [
          -76.67611111111111,
          -11.768055555555556
        ],
        [
          -76.67611111111111,
          -11.768333333333333
        ],
        [
          -76.67583333333333,
          -11.768333333333333
        ],
        [
          -76.67583333333333,
          -11.768611111111111
        ],
        [
          -76.67527777777778,
          -11.768611111111111
        ],
        [
          -76.67527777777778,
          -11.769166666666667
        ],
        [
          -76.67555555555556,
          -11.769166666666667
        ],
        [
          -76.67555555555556,
          -11.76972222222222
        ],
        [
          -76.67583333333333,
          -11.76972222222222
        ],
        [
          -76.67583333333333,
          -11.77
        ],
        [
          -76.67611111111111,
          -11.77
        ],
        [
          -76.67611111111111,
          -11.770277777777777
        ],
        [
          -76.6763888888889,
          -11.770277777777777
        ],
        [
          -76.6763888888889,
          -11.771944444444443
        ],
        [
          -76.67666666666666,
          -11.771944444444443
        ],
        [
          -76.67666666666666,
          -11.772777777777778
        ],
        [
          -76.67694444444444,
          -11.772777777777778
        ],
        [
          -76.67694444444444,
          -11.776388888888889
        ],
        [
          -76.67666666666666,
          -11.776388888888889
        ],
        [
          -76.67666666666666,
          -11.776666666666666
        ],
        [
          -76.6763888888889,
          -11.776666666666666
        ],
        [
          -76.6763888888889,
          -11.776944444444444
        ],
        [
          -76.67611111111111,
          -11.776944444444444
        ],
        [
          -76.67611111111111,
          -11.777222222222221
        ],
        [
          -76.67555555555556,
          -11.777222222222221
        ],
        [
          -76.67555555555556,
          -11.7775
        ],
        [
          -76.675,
          -11.7775
        ],
        [
          -76.675,
          -11.777777777777777
        ],
        [
          -76.67444444444445,
          -11.777777777777777
        ],
        [
          -76.67444444444445,
          -11.778055555555556
        ],
        [
          -76.67416666666666,
          -11.778055555555556
        ],
        [
          -76.67416666666666,
          -11.778611111111111
        ],
        [
          -76.6738888888889,
          -11.778611111111111
        ],
        [
          -76.6738888888889,
          -11.778888888888888
        ],
        [
          -76.67361111111111,
          -11.778888888888888
        ],
        [
          -76.67361111111111,
          -11.779166666666667
        ],
        [
          -76.67138888888888,
          -11.779166666666667
        ],
        [
          -76.67138888888888,
          -11.779444444444444
        ],
        [
          -76.67083333333333,
          -11.779444444444444
        ],
        [
          -76.67083333333333,
          -11.779722222222222
        ],
        [
          -76.67055555555555,
          -11.779722222222222
        ],
        [
          -76.67055555555555,
          -11.78
        ],
        [
          -76.67027777777778,
          -11.78
        ],
        [
          -76.67027777777778,
          -11.780555555555555
        ],
        [
          -76.67,
          -11.780555555555555
        ],
        [
          -76.67,
          -11.781388888888888
        ],
        [
          -76.66972222222222,
          -11.781388888888888
        ],
        [
          -76.66972222222222,
          -11.781666666666666
        ],
        [
          -76.66944444444445,
          -11.781666666666666
        ],
        [
          -76.66944444444445,
          -11.781944444444443
        ],
        [
          -76.66916666666667,
          -11.781944444444443
        ],
        [
          -76.66916666666667,
          -11.782222222222222
        ],
        [
          -76.66888888888889,
          -11.782222222222222
        ],
        [
          -76.66888888888889,
          -11.782777777777778
        ],
        [
          -76.66861111111112,
          -11.782777777777778
        ],
        [
          -76.66861111111112,
          -11.783055555555555
        ],
        [
          -76.66833333333334,
          -11.783055555555555
        ],
        [
          -76.66833333333334,
          -11.78361111111111
        ],
        [
          -76.66805555555555,
          -11.78361111111111
        ],
        [
          -76.66805555555555,
          -11.784444444444444
        ],
        [
          -76.66777777777777,
          -11.784444444444444
        ],
        [
          -76.66777777777777,
          -11.784722222222221
        ],
        [
          -76.6675,
          -11.784722222222221
        ],
        [
          -76.6675,
          -11.785
        ],
        [
          -76.66722222222222,
          -11.785
        ],
        [
          -76.66722222222222,
          -11.785277777777777
        ],
        [
          -76.66694444444444,
          -11.785277777777777
        ],
        [
          -76.66694444444444,
          -11.785555555555556
        ],
        [
          -76.66666666666667,
          -11.785555555555556
        ],
        [
          -76.66666666666667,
          -11.786111111111111
        ],
        [
          -76.66638888888889,
          -11.786111111111111
        ],
        [
          -76.66638888888889,
          -11.786666666666665
        ],
        [
          -76.6661111111111,
          -11.786666666666665
        ],
        [
          -76.6661111111111,
          -11.786944444444444
        ],
        [
          -76.66583333333334,
          -11.786944444444444
        ],
        [
          -76.66583333333334,
          -11.787222222222221
        ],
        [
          -76.66555555555556,
          -11.787222222222221
        ],
        [
          -76.66555555555556,
          -11.7875
        ],
        [
          -76.66527777777777,
          -11.7875
        ],
        [
          -76.66527777777777,
          -11.788055555555555
        ],
        [
          -76.665,
          -11.788055555555555
        ],
        [
          -76.665,
          -11.788333333333332
        ],
        [
          -76.66472222222222,
          -11.788333333333332
        ],
        [
          -76.66472222222222,
          -11.788888888888888
        ],
        [
          -76.665,
          -11.788888888888888
        ],
        [
          -76.665,
          -11.789722222222222
        ],
        [
          -76.66472222222222,
          -11.789722222222222
        ],
        [
          -76.66472222222222,
          -11.79
        ],
        [
          -76.66444444444444,
          -11.79
        ],
        [
          -76.66444444444444,
          -11.790555555555555
        ],
        [
          -76.66416666666667,
          -11.790555555555555
        ],
        [
          -76.66416666666667,
          -11.790833333333333
        ],
        [
          -76.66388888888889,
          -11.790833333333333
        ],
        [
          -76.66388888888889,
          -11.795
        ],
        [
          -76.66416666666667,
          -11.795
        ],
        [
          -76.66416666666667,
          -11.797222222222222
        ],
        [
          -76.66444444444444,
          -11.797222222222222
        ],
        [
          -76.66444444444444,
          -11.798333333333332
        ],
        [
          -76.66416666666667,
          -11.798333333333332
        ],
        [
          -76.66416666666667,
          -11.799444444444443
        ],
        [
          -76.66472222222222,
          -11.799444444444443
        ],
        [
          -76.66472222222222,
          -11.799722222222222
        ],
        [
          -76.665,
          -11.799722222222222
        ],
        [
          -76.665,
          -11.799999999999999
        ],
        [
          -76.66527777777777,
          -11.799999999999999
        ],
        [
          -76.66527777777777,
          -11.801388888888889
        ],
        [
          -76.66555555555556,
          -11.801388888888889
        ],
        [
          -76.66555555555556,
          -11.801666666666666
        ],
        [
          -76.66583333333334,
          -11.801666666666666
        ],
        [
          -76.66583333333334,
          -11.801944444444445
        ],
        [
          -76.6661111111111,
          -11.801944444444445
        ],
        [
          -76.6661111111111,
          -11.802222222222222
        ],
        [
          -76.66638888888889,
          -11.802222222222222
        ],
        [
          -76.66638888888889,
          -11.801944444444445
        ],
        [
          -76.66694444444444,
          -11.801944444444445
        ],
        [
          -76.66694444444444,
          -11.803055555555556
        ],
        [
          -76.66722222222222,
          -11.803055555555556
        ],
        [
          -76.66722222222222,
          -11.803888888888888
        ],
        [
          -76.6675,
          -11.803888888888888
        ],
        [
          -76.6675,
          -11.804722222222221
        ],
        [
          -76.66777777777777,
          -11.804722222222221
        ],
        [
          -76.66777777777777,
          -11.805555555555555
        ],
        [
          -76.66805555555555,
          -11.805555555555555
        ],
        [
          -76.66805555555555,
          -11.806111111111111
        ],
        [
          -76.66833333333334,
          -11.806111111111111
        ],
        [
          -76.66833333333334,
          -11.806666666666667
        ],
        [
          -76.66861111111112,
          -11.806666666666667
        ],
        [
          -76.66861111111112,
          -11.807222222222222
        ],
        [
          -76.66888888888889,
          -11.807222222222222
        ],
        [
          -76.66888888888889,
          -11.807777777777778
        ],
        [
          -76.66916666666667,
          -11.807777777777778
        ],
        [
          -76.66916666666667,
          -11.809722222222222
        ],
        [
          -76.66944444444445,
          -11.809722222222222
        ],
        [
          -76.66944444444445,
          -11.811388888888889
        ],
        [
          -76.66916666666667,
          -11.811388888888889
        ],
        [
          -76.66916666666667,
          -11.812222222222221
        ],
        [
          -76.66888888888889,
          -11.812222222222221
        ],
        [
          -76.66888888888889,
          -11.812777777777777
        ],
        [
          -76.66861111111112,
          -11.812777777777777
        ],
        [
          -76.66861111111112,
          -11.814166666666667
        ],
        [
          -76.66833333333334,
          -11.814166666666667
        ],
        [
          -76.66833333333334,
          -11.815833333333332
        ],
        [
          -76.66861111111112,
          -11.815833333333332
        ],
        [
          -76.66861111111112,
          -11.816388888888888
        ],
        [
          -76.66833333333334,
          -11.816388888888888
        ],
        [
          -76.66833333333334,
          -11.818055555555555
        ],
        [
          -76.66861111111112,
          -11.818055555555555
        ],
        [
          -76.66861111111112,
          -11.818333333333333
        ],
        [
          -76.66888888888889,
          -11.818333333333333
        ],
        [
          -76.66888888888889,
          -11.818888888888889
        ],
        [
          -76.66916666666667,
          -11.818888888888889
        ],
        [
          -76.66916666666667,
          -11.819166666666666
        ],
        [
          -76.66944444444445,
          -11.819166666666666
        ],
        [
          -76.66944444444445,
          -11.82
        ],
        [
          -76.66972222222222,
          -11.82
        ],
        [
          -76.66972222222222,
          -11.820555555555556
        ],
        [
          -76.67,
          -11.820555555555556
        ],
        [
          -76.67,
          -11.820833333333333
        ],
        [
          -76.67027777777778,
          -11.820833333333333
        ],
        [
          -76.67027777777778,
          -11.82111111111111
        ],
        [
          -76.67083333333333,
          -11.82111111111111
        ],
        [
          -76.67083333333333,
          -11.821388888888889
        ],
        [
          -76.67111111111112,
          -11.821388888888889
        ],
        [
          -76.67111111111112,
          -11.821944444444444
        ],
        [
          -76.67138888888888,
          -11.821944444444444
        ],
        [
          -76.67138888888888,
          -11.822222222222221
        ],
        [
          -76.67166666666667,
          -11.822222222222221
        ],
        [
          -76.67166666666667,
          -11.8225
        ],
        [
          -76.67194444444445,
          -11.8225
        ],
        [
          -76.67194444444445,
          -11.822777777777777
        ],
        [
          -76.67222222222222,
          -11.822777777777777
        ],
        [
          -76.67222222222222,
          -11.823333333333332
        ],
        [
          -76.6725,
          -11.823333333333332
        ],
        [
          -76.6725,
          -11.823611111111111
        ],
        [
          -76.67277777777778,
          -11.823611111111111
        ],
        [
          -76.67277777777778,
          -11.823888888888888
        ],
        [
          -76.67305555555555,
          -11.823888888888888
        ],
        [
          -76.67305555555555,
          -11.824444444444444
        ],
        [
          -76.67333333333333,
          -11.824444444444444
        ],
        [
          -76.67333333333333,
          -11.824722222222222
        ],
        [
          -76.67361111111111,
          -11.824722222222222
        ],
        [
          -76.67361111111111,
          -11.825
        ],
        [
          -76.67416666666666,
          -11.825
        ],
        [
          -76.67416666666666,
          -11.825277777777778
        ],
        [
          -76.67444444444445,
          -11.825277777777778
        ],
        [
          -76.67444444444445,
          -11.825555555555555
        ],
        [
          -76.67472222222223,
          -11.825555555555555
        ],
        [
          -76.67472222222223,
          -11.825833333333334
        ],
        [
          -76.675,
          -11.825833333333334
        ],
        [
          -76.675,
          -11.82638888888889
        ],
        [
          -76.67527777777778,
          -11.82638888888889
        ],
        [
          -76.67527777777778,
          -11.826944444444443
        ],
        [
          -76.67555555555556,
          -11.826944444444443
        ],
        [
          -76.67555555555556,
          -11.827499999999999
        ],
        [
          -76.67583333333333,
          -11.827499999999999
        ],
        [
          -76.67583333333333,
          -11.827777777777778
        ],
        [
          -76.67611111111111,
          -11.827777777777778
        ],
        [
          -76.67611111111111,
          -11.828055555555554
        ],
        [
          -76.67666666666666,
          -11.828055555555554
        ],
        [
          -76.67666666666666,
          -11.830555555555556
        ],
        [
          -76.67694444444444,
          -11.830555555555556
        ],
        [
          -76.67694444444444,
          -11.831388888888888
        ],
        [
          -76.67666666666666,
          -11.831388888888888
        ],
        [
          -76.67666666666666,
          -11.834999999999999
        ],
        [
          -76.67694444444444,
          -11.834999999999999
        ],
        [
          -76.67694444444444,
          -11.836388888888889
        ],
        [
          -76.67722222222223,
          -11.836388888888889
        ],
        [
          -76.67722222222223,
          -11.837777777777777
        ],
        [
          -76.6775,
          -11.837777777777777
        ],
        [
          -76.6775,
          -11.838333333333333
        ],
        [
          -76.67777777777778,
          -11.838333333333333
        ],
        [
          -76.67777777777778,
          -11.83861111111111
        ],
        [
          -76.67805555555556,
          -11.83861111111111
        ],
        [
          -76.67805555555556,
          -11.839444444444444
        ],
        [
          -76.67833333333333,
          -11.839444444444444
        ],
        [
          -76.67833333333333,
          -11.84
        ],
        [
          -76.67861111111111,
          -11.84
        ],
        [
          -76.67861111111111,
          -11.840555555555556
        ],
        [
          -76.67888888888889,
          -11.840555555555556
        ],
        [
          -76.67888888888889,
          -11.841111111111111
        ],
        [
          -76.67916666666667,
          -11.841111111111111
        ],
        [
          -76.67916666666667,
          -11.841666666666667
        ],
        [
          -76.67944444444444,
          -11.841666666666667
        ],
        [
          -76.67944444444444,
          -11.842222222222222
        ],
        [
          -76.67972222222222,
          -11.842222222222222
        ],
        [
          -76.67972222222222,
          -11.8425
        ],
        [
          -76.68,
          -11.8425
        ],
        [
          -76.68,
          -11.842777777777778
        ],
        [
          -76.68027777777777,
          -11.842777777777778
        ],
        [
          -76.68027777777777,
          -11.843333333333334
        ],
        [
          -76.68055555555556,
          -11.843333333333334
        ],
        [
          -76.68055555555556,
          -11.84361111111111
        ],
        [
          -76.68083333333334,
          -11.84361111111111
        ],
        [
          -76.68083333333334,
          -11.843888888888888
        ],
        [
          -76.68111111111111,
          -11.843888888888888
        ],
        [
          -76.68111111111111,
          -11.845833333333333
        ],
        [
          -76.68083333333334,
          -11.845833333333333
        ],
        [
          -76.68083333333334,
          -11.846666666666666
        ],
        [
          -76.68111111111111,
          -11.846666666666666
        ],
        [
          -76.68111111111111,
          -11.8475
        ],
        [
          -76.68138888888889,
          -11.8475
        ],
        [
          -76.68138888888889,
          -11.848055555555556
        ],
        [
          -76.68111111111111,
          -11.848055555555556
        ],
        [
          -76.68111111111111,
          -11.848611111111111
        ],
        [
          -76.68083333333334,
          -11.848611111111111
        ],
        [
          -76.68083333333334,
          -11.849166666666665
        ],
        [
          -76.68055555555556,
          -11.849166666666665
        ],
        [
          -76.68055555555556,
          -11.850277777777777
        ],
        [
          -76.68027777777777,
          -11.850277777777777
        ],
        [
          -76.68027777777777,
          -11.850555555555555
        ],
        [
          -76.68,
          -11.850555555555555
        ],
        [
          -76.68,
          -11.851111111111111
        ],
        [
          -76.67972222222222,
          -11.851111111111111
        ],
        [
          -76.67972222222222,
          -11.851666666666667
        ],
        [
          -76.68,
          -11.851666666666667
        ],
        [
          -76.68,
          -11.85361111111111
        ],
        [
          -76.68027777777777,
          -11.85361111111111
        ],
        [
          -76.68027777777777,
          -11.854444444444445
        ],
        [
          -76.68055555555556,
          -11.854444444444445
        ],
        [
          -76.68055555555556,
          -11.854722222222222
        ],
        [
          -76.68083333333334,
          -11.854722222222222
        ],
        [
          -76.68083333333334,
          -11.854999999999999
        ],
        [
          -76.68111111111111,
          -11.854999999999999
        ],
        [
          -76.68111111111111,
          -11.855277777777777
        ],
        [
          -76.68138888888889,
          -11.855277777777777
        ],
        [
          -76.68138888888889,
          -11.855555555555554
        ],
        [
          -76.68166666666667,
          -11.855555555555554
        ],
        [
          -76.68166666666667,
          -11.855833333333333
        ],
        [
          -76.68194444444444,
          -11.855833333333333
        ],
        [
          -76.68194444444444,
          -11.856388888888889
        ],
        [
          -76.68222222222222,
          -11.856388888888889
        ],
        [
          -76.68222222222222,
          -11.856666666666666
        ],
        [
          -76.6825,
          -11.856666666666666
        ],
        [
          -76.6825,
          -11.856944444444444
        ],
        [
          -76.68277777777777,
          -11.856944444444444
        ],
        [
          -76.68277777777777,
          -11.8575
        ],
        [
          -76.68305555555555,
          -11.8575
        ],
        [
          -76.68305555555555,
          -11.858055555555556
        ],
        [
          -76.68333333333334,
          -11.858055555555556
        ],
        [
          -76.68333333333334,
          -11.858611111111111
        ],
        [
          -76.6836111111111,
          -11.858611111111111
        ],
        [
          -76.6836111111111,
          -11.859444444444444
        ],
        [
          -76.68388888888889,
          -11.859444444444444
        ],
        [
          -76.68388888888889,
          -11.86
        ],
        [
          -76.68416666666667,
          -11.86
        ],
        [
          -76.68416666666667,
          -11.860277777777778
        ],
        [
          -76.68444444444445,
          -11.860277777777778
        ],
        [
          -76.68444444444445,
          -11.860555555555555
        ],
        [
          -76.68472222222222,
          -11.860555555555555
        ],
        [
          -76.68472222222222,
          -11.860833333333332
        ],
        [
          -76.68555555555555,
          -11.860833333333332
        ],
        [
          -76.68555555555555,
          -11.86111111111111
        ],
        [
          -76.68583333333333,
          -11.86111111111111
        ],
        [
          -76.68583333333333,
          -11.861388888888888
        ],
        [
          -76.68638888888889,
          -11.861388888888888
        ],
        [
          -76.68638888888889,
          -11.861666666666666
        ],
        [
          -76.68722222222222,
          -11.861666666666666
        ],
        [
          -76.68722222222222,
          -11.861944444444443
        ],
        [
          -76.6875,
          -11.861944444444443
        ],
        [
          -76.6875,
          -11.862222222222222
        ],
        [
          -76.68777777777778,
          -11.862222222222222
        ],
        [
          -76.68777777777778,
          -11.862499999999999
        ],
        [
          -76.68805555555555,
          -11.862499999999999
        ],
        [
          -76.68805555555555,
          -11.862777777777778
        ],
        [
          -76.68833333333333,
          -11.862777777777778
        ],
        [
          -76.68833333333333,
          -11.863333333333333
        ],
        [
          -76.68861111111111,
          -11.863333333333333
        ],
        [
          -76.68861111111111,
          -11.86361111111111
        ],
        [
          -76.6888888888889,
          -11.86361111111111
        ],
        [
          -76.6888888888889,
          -11.863888888888889
        ],
        [
          -76.68916666666667,
          -11.863888888888889
        ],
        [
          -76.68916666666667,
          -11.864166666666666
        ],
        [
          -76.68944444444445,
          -11.864166666666666
        ],
        [
          -76.68944444444445,
          -11.864444444444445
        ],
        [
          -76.68972222222223,
          -11.864444444444445
        ],
        [
          -76.68972222222223,
          -11.864722222222222
        ],
        [
          -76.69,
          -11.864722222222222
        ],
        [
          -76.69,
          -11.865
        ],
        [
          -76.69027777777778,
          -11.865
        ],
        [
          -76.69027777777778,
          -11.865277777777777
        ],
        [
          -76.69055555555556,
          -11.865277777777777
        ],
        [
          -76.69055555555556,
          -11.865555555555556
        ],
        [
          -76.69083333333333,
          -11.865555555555556
        ],
        [
          -76.69083333333333,
          -11.865833333333333
        ],
        [
          -76.6913888888889,
          -11.865833333333333
        ],
        [
          -76.6913888888889,
          -11.86611111111111
        ],
        [
          -76.69222222222223,
          -11.86611111111111
        ],
        [
          -76.69222222222223,
          -11.866388888888888
        ],
        [
          -76.69277777777778,
          -11.866388888888888
        ],
        [
          -76.69277777777778,
          -11.866666666666665
        ],
        [
          -76.69305555555556,
          -11.866666666666665
        ],
        [
          -76.69305555555556,
          -11.866944444444444
        ],
        [
          -76.69361111111111,
          -11.866944444444444
        ],
        [
          -76.69361111111111,
          -11.867222222222221
        ],
        [
          -76.69388888888889,
          -11.867222222222221
        ],
        [
          -76.69388888888889,
          -11.8675
        ],
        [
          -76.69472222222223,
          -11.8675
        ],
        [
          -76.69472222222223,
          -11.868055555555555
        ],
        [
          -76.69500000000001,
          -11.868055555555555
        ],
        [
          -76.69500000000001,
          -11.868611111111111
        ],
        [
          -76.69527777777778,
          -11.868611111111111
        ],
        [
          -76.69527777777778,
          -11.868888888888888
        ],
        [
          -76.69555555555556,
          -11.868888888888888
        ],
        [
          -76.69555555555556,
          -11.869444444444444
        ],
        [
          -76.69583333333334,
          -11.869444444444444
        ],
        [
          -76.69583333333334,
          -11.870277777777778
        ],
        [
          -76.69611111111111,
          -11.870277777777778
        ],
        [
          -76.69611111111111,
          -11.870833333333334
        ],
        [
          -76.69638888888889,
          -11.870833333333334
        ],
        [
          -76.69638888888889,
          -11.87111111111111
        ],
        [
          -76.69666666666667,
          -11.87111111111111
        ],
        [
          -76.69666666666667,
          -11.87138888888889
        ],
        [
          -76.69694444444444,
          -11.87138888888889
        ],
        [
          -76.69694444444444,
          -11.871666666666666
        ],
        [
          -76.6975,
          -11.871666666666666
        ],
        [
          -76.6975,
          -11.871944444444443
        ],
        [
          -76.69777777777777,
          -11.871944444444443
        ],
        [
          -76.69777777777777,
          -11.872222222222222
        ],
        [
          -76.69805555555556,
          -11.872222222222222
        ],
        [
          -76.69805555555556,
          -11.872499999999999
        ],
        [
          -76.69833333333334,
          -11.872499999999999
        ],
        [
          -76.69833333333334,
          -11.872777777777777
        ],
        [
          -76.6986111111111,
          -11.872777777777777
        ],
        [
          -76.6986111111111,
          -11.873055555555554
        ],
        [
          -76.69916666666667,
          -11.873055555555554
        ],
        [
          -76.69916666666667,
          -11.873333333333333
        ],
        [
          -76.69972222222222,
          -11.873333333333333
        ],
        [
          -76.69972222222222,
          -11.87361111111111
        ],
        [
          -76.7,
          -11.87361111111111
        ],
        [
          -76.7,
          -11.873888888888889
        ],
        [
          -76.70055555555555,
          -11.873888888888889
        ],
        [
          -76.70055555555555,
          -11.874166666666666
        ],
        [
          -76.70083333333334,
          -11.874166666666666
        ],
        [
          -76.70083333333334,
          -11.874444444444444
        ],
        [
          -76.70138888888889,
          -11.874444444444444
        ],
        [
          -76.70138888888889,
          -11.874722222222221
        ],
        [
          -76.70222222222222,
          -11.874722222222221
        ],
        [
          -76.70222222222222,
          -11.875
        ],
        [
          -76.7025,
          -11.875
        ],
        [
          -76.7025,
          -11.875277777777777
        ],
        [
          -76.70305555555555,
          -11.875277777777777
        ],
        [
          -76.70305555555555,
          -11.875555555555556
        ],
        [
          -76.70333333333333,
          -11.875555555555556
        ],
        [
          -76.70333333333333,
          -11.875833333333333
        ],
        [
          -76.70361111111112,
          -11.875833333333333
        ],
        [
          -76.70361111111112,
          -11.876111111111111
        ],
        [
          -76.70388888888888,
          -11.876111111111111
        ],
        [
          -76.70388888888888,
          -11.876388888888888
        ],
        [
          -76.70361111111112,
          -11.876388888888888
        ],
        [
          -76.70361111111112,
          -11.880277777777778
        ],
        [
          -76.70388888888888,
          -11.880277777777778
        ],
        [
          -76.70388888888888,
          -11.881944444444445
        ],
        [
          -76.70416666666667,
          -11.881944444444445
        ],
        [
          -76.70416666666667,
          -11.883888888888889
        ],
        [
          -76.70444444444445,
          -11.883888888888889
        ],
        [
          -76.70444444444445,
          -11.884722222222221
        ],
        [
          -76.70472222222223,
          -11.884722222222221
        ],
        [
          -76.70472222222223,
          -11.885277777777777
        ],
        [
          -76.705,
          -11.885277777777777
        ],
        [
          -76.705,
          -11.885833333333332
        ],
        [
          -76.70527777777778,
          -11.885833333333332
        ],
        [
          -76.70527777777778,
          -11.886111111111111
        ],
        [
          -76.70555555555556,
          -11.886111111111111
        ],
        [
          -76.70555555555556,
          -11.887777777777778
        ],
        [
          -76.70527777777778,
          -11.887777777777778
        ],
        [
          -76.70527777777778,
          -11.888333333333334
        ],
        [
          -76.705,
          -11.888333333333334
        ],
        [
          -76.705,
          -11.890555555555554
        ],
        [
          -76.70527777777778,
          -11.890555555555554
        ],
        [
          -76.70527777777778,
          -11.89111111111111
        ],
        [
          -76.70555555555556,
          -11.89111111111111
        ],
        [
          -76.70555555555556,
          -11.891388888888889
        ],
        [
          -76.70583333333333,
          -11.891388888888889
        ],
        [
          -76.70583333333333,
          -11.891666666666666
        ],
        [
          -76.70611111111111,
          -11.891666666666666
        ],
        [
          -76.70611111111111,
          -11.891944444444444
        ],
        [
          -76.7063888888889,
          -11.891944444444444
        ],
        [
          -76.7063888888889,
          -11.892222222222221
        ],
        [
          -76.70694444444445,
          -11.892222222222221
        ],
        [
          -76.70694444444445,
          -11.8925
        ],
        [
          -76.7075,
          -11.8925
        ],
        [
          -76.7075,
          -11.892777777777777
        ],
        [
          -76.70777777777778,
          -11.892777777777777
        ],
        [
          -76.70777777777778,
          -11.893055555555556
        ],
        [
          -76.70805555555556,
          -11.893055555555556
        ],
        [
          -76.70805555555556,
          -11.892777777777777
        ],
        [
          -76.70833333333333,
          -11.892777777777777
        ],
        [
          -76.70833333333333,
          -11.8925
        ],
        [
          -76.70861111111111,
          -11.8925
        ],
        [
          -76.70861111111111,
          -11.892222222222221
        ],
        [
          -76.70916666666666,
          -11.892222222222221
        ],
        [
          -76.70916666666666,
          -11.891944444444444
        ],
        [
          -76.70972222222223,
          -11.891944444444444
        ],
        [
          -76.70972222222223,
          -11.892222222222221
        ],
        [
          -76.71083333333334,
          -11.892222222222221
        ],
        [
          -76.71083333333334,
          -11.891944444444444
        ],
        [
          -76.71138888888889,
          -11.891944444444444
        ],
        [
          -76.71138888888889,
          -11.892222222222221
        ],
        [
          -76.71222222222222,
          -11.892222222222221
        ],
        [
          -76.71222222222222,
          -11.893333333333333
        ],
        [
          -76.7125,
          -11.893333333333333
        ],
        [
          -76.7125,
          -11.893611111111111
        ],
        [
          -76.71277777777777,
          -11.893611111111111
        ],
        [
          -76.71277777777777,
          -11.893888888888888
        ],
        [
          -76.71333333333334,
          -11.893888888888888
        ],
        [
          -76.71333333333334,
          -11.894166666666667
        ],
        [
          -76.7136111111111,
          -11.894166666666667
        ],
        [
          -76.7136111111111,
          -11.894444444444444
        ],
        [
          -76.71388888888889,
          -11.894444444444444
        ],
        [
          -76.71388888888889,
          -11.89472222222222
        ],
        [
          -76.71416666666667,
          -11.89472222222222
        ],
        [
          -76.71416666666667,
          -11.895
        ],
        [
          -76.71444444444444,
          -11.895
        ],
        [
          -76.71444444444444,
          -11.895277777777777
        ],
        [
          -76.71527777777779,
          -11.895277777777777
        ],
        [
          -76.71527777777779,
          -11.89611111111111
        ],
        [
          -76.71555555555555,
          -11.89611111111111
        ],
        [
          -76.71555555555555,
          -11.896388888888888
        ],
        [
          -76.71583333333334,
          -11.896388888888888
        ],
        [
          -76.71583333333334,
          -11.896666666666667
        ],
        [
          -76.71611111111112,
          -11.896666666666667
        ],
        [
          -76.71611111111112,
          -11.896944444444443
        ],
        [
          -76.71638888888889,
          -11.896944444444443
        ],
        [
          -76.71638888888889,
          -11.897222222222222
        ],
        [
          -76.71666666666667,
          -11.897222222222222
        ],
        [
          -76.71666666666667,
          -11.897499999999999
        ],
        [
          -76.71694444444445,
          -11.897499999999999
        ],
        [
          -76.71694444444445,
          -11.897777777777778
        ],
        [
          -76.71722222222222,
          -11.897777777777778
        ],
        [
          -76.71722222222222,
          -11.898055555555555
        ],
        [
          -76.71777777777778,
          -11.898055555555555
        ],
        [
          -76.71777777777778,
          -11.898333333333333
        ],
        [
          -76.71833333333333,
          -11.898333333333333
        ],
        [
          -76.71833333333333,
          -11.89861111111111
        ],
        [
          -76.71861111111112,
          -11.89861111111111
        ],
        [
          -76.71861111111112,
          -11.899166666666666
        ],
        [
          -76.71916666666667,
          -11.899166666666666
        ],
        [
          -76.71916666666667,
          -11.899444444444445
        ],
        [
          -76.71944444444445,
          -11.899444444444445
        ],
        [
          -76.71944444444445,
          -11.9
        ],
        [
          -76.71972222222222,
          -11.9
        ],
        [
          -76.71972222222222,
          -11.900277777777777
        ],
        [
          -76.72,
          -11.900277777777777
        ],
        [
          -76.72,
          -11.900555555555554
        ],
        [
          -76.72027777777778,
          -11.900555555555554
        ],
        [
          -76.72027777777778,
          -11.900833333333333
        ],
        [
          -76.72055555555556,
          -11.900833333333333
        ],
        [
          -76.72055555555556,
          -11.90111111111111
        ],
        [
          -76.72083333333333,
          -11.90111111111111
        ],
        [
          -76.72083333333333,
          -11.901388888888889
        ],
        [
          -76.7213888888889,
          -11.901388888888889
        ],
        [
          -76.7213888888889,
          -11.901666666666666
        ],
        [
          -76.72166666666666,
          -11.901666666666666
        ],
        [
          -76.72166666666666,
          -11.901388888888889
        ],
        [
          -76.72333333333333,
          -11.901388888888889
        ],
        [
          -76.72333333333333,
          -11.90111111111111
        ],
        [
          -76.7238888888889,
          -11.90111111111111
        ],
        [
          -76.7238888888889,
          -11.900833333333333
        ],
        [
          -76.72416666666666,
          -11.900833333333333
        ],
        [
          -76.72416666666666,
          -11.90111111111111
        ],
        [
          -76.72444444444444,
          -11.90111111111111
        ],
        [
          -76.72444444444444,
          -11.901388888888889
        ],
        [
          -76.72472222222223,
          -11.901388888888889
        ],
        [
          -76.72472222222223,
          -11.901944444444444
        ],
        [
          -76.725,
          -11.901944444444444
        ],
        [
          -76.725,
          -11.902222222222221
        ],
        [
          -76.72527777777778,
          -11.902222222222221
        ],
        [
          -76.72527777777778,
          -11.9025
        ],
        [
          -76.72555555555556,
          -11.9025
        ],
        [
          -76.72555555555556,
          -11.902777777777777
        ],
        [
          -76.7275,
          -11.902777777777777
        ],
        [
          -76.7275,
          -11.903055555555556
        ],
        [
          -76.72777777777777,
          -11.903055555555556
        ],
        [
          -76.72777777777777,
          -11.903333333333332
        ],
        [
          -76.72833333333334,
          -11.903333333333332
        ],
        [
          -76.72833333333334,
          -11.903611111111111
        ],
        [
          -76.72888888888889,
          -11.903611111111111
        ],
        [
          -76.72888888888889,
          -11.903888888888888
        ],
        [
          -76.72944444444444,
          -11.903888888888888
        ],
        [
          -76.72944444444444,
          -11.904166666666667
        ],
        [
          -76.72972222222222,
          -11.904166666666667
        ],
        [
          -76.72972222222222,
          -11.904444444444444
        ],
        [
          -76.73055555555555,
          -11.904444444444444
        ],
        [
          -76.73055555555555,
          -11.904722222222222
        ],
        [
          -76.73083333333334,
          -11.904722222222222
        ],
        [
          -76.73083333333334,
          -11.905
        ],
        [
          -76.73138888888889,
          -11.905
        ],
        [
          -76.73138888888889,
          -11.905277777777778
        ],
        [
          -76.7325,
          -11.905277777777778
        ],
        [
          -76.7325,
          -11.905555555555555
        ],
        [
          -76.73333333333333,
          -11.905555555555555
        ],
        [
          -76.73333333333333,
          -11.905833333333334
        ],
        [
          -76.73361111111112,
          -11.905833333333334
        ],
        [
          -76.73361111111112,
          -11.906388888888888
        ],
        [
          -76.73388888888888,
          -11.906388888888888
        ],
        [
          -76.73388888888888,
          -11.906944444444443
        ],
        [
          -76.73416666666667,
          -11.906944444444443
        ],
        [
          -76.73416666666667,
          -11.907222222222222
        ],
        [
          -76.73555555555555,
          -11.907222222222222
        ],
        [
          -76.73555555555555,
          -11.906944444444443
        ],
        [
          -76.7363888888889,
          -11.906944444444443
        ],
        [
          -76.7363888888889,
          -11.906666666666666
        ],
        [
          -76.73916666666666,
          -11.906666666666666
        ],
        [
          -76.73916666666666,
          -11.907222222222222
        ],
        [
          -76.73972222222223,
          -11.907222222222222
        ],
        [
          -76.73972222222223,
          -11.907777777777778
        ],
        [
          -76.74027777777778,
          -11.907777777777778
        ],
        [
          -76.74027777777778,
          -11.908055555555555
        ],
        [
          -76.74111111111111,
          -11.908055555555555
        ],
        [
          -76.74111111111111,
          -11.90861111111111
        ],
        [
          -76.74166666666667,
          -11.90861111111111
        ],
        [
          -76.74166666666667,
          -11.909166666666666
        ],
        [
          -76.74194444444444,
          -11.909166666666666
        ],
        [
          -76.74194444444444,
          -11.909444444444444
        ],
        [
          -76.7425,
          -11.909444444444444
        ],
        [
          -76.7425,
          -11.909722222222221
        ],
        [
          -76.74277777777777,
          -11.909722222222221
        ],
        [
          -76.74277777777777,
          -11.91
        ],
        [
          -76.74305555555556,
          -11.91
        ],
        [
          -76.74305555555556,
          -11.910277777777777
        ],
        [
          -76.74333333333334,
          -11.910277777777777
        ],
        [
          -76.74333333333334,
          -11.910555555555556
        ],
        [
          -76.74361111111111,
          -11.910555555555556
        ],
        [
          -76.74361111111111,
          -11.911111111111111
        ],
        [
          -76.74388888888889,
          -11.911111111111111
        ],
        [
          -76.74388888888889,
          -11.915
        ],
        [
          -76.74361111111111,
          -11.915
        ],
        [
          -76.74361111111111,
          -11.915833333333333
        ],
        [
          -76.74388888888889,
          -11.915833333333333
        ],
        [
          -76.74388888888889,
          -11.91611111111111
        ],
        [
          -76.74416666666667,
          -11.91611111111111
        ],
        [
          -76.74416666666667,
          -11.916666666666666
        ],
        [
          -76.74388888888889,
          -11.916666666666666
        ],
        [
          -76.74388888888889,
          -11.917222222222222
        ],
        [
          -76.74416666666667,
          -11.917222222222222
        ],
        [
          -76.74416666666667,
          -11.917499999999999
        ],
        [
          -76.74472222222222,
          -11.917499999999999
        ],
        [
          -76.74472222222222,
          -11.917777777777777
        ],
        [
          -76.745,
          -11.917777777777777
        ],
        [
          -76.745,
          -11.918055555555554
        ],
        [
          -76.74527777777777,
          -11.918055555555554
        ],
        [
          -76.74527777777777,
          -11.918333333333333
        ],
        [
          -76.74555555555555,
          -11.918333333333333
        ],
        [
          -76.74555555555555,
          -11.91861111111111
        ],
        [
          -76.74583333333334,
          -11.91861111111111
        ],
        [
          -76.74583333333334,
          -11.918888888888889
        ],
        [
          -76.74666666666667,
          -11.918888888888889
        ],
        [
          -76.74666666666667,
          -11.919166666666666
        ],
        [
          -76.74694444444445,
          -11.919166666666666
        ],
        [
          -76.74694444444445,
          -11.92
        ],
        [
          -76.74722222222222,
          -11.92
        ],
        [
          -76.74722222222222,
          -11.920555555555556
        ],
        [
          -76.7475,
          -11.920555555555556
        ],
        [
          -76.7475,
          -11.921388888888888
        ],
        [
          -76.74777777777778,
          -11.921388888888888
        ],
        [
          -76.74777777777778,
          -11.921666666666667
        ],
        [
          -76.7475,
          -11.921666666666667
        ],
        [
          -76.7475,
          -11.922222222222222
        ],
        [
          -76.74777777777778,
          -11.922222222222222
        ],
        [
          -76.74777777777778,
          -11.922777777777778
        ],
        [
          -76.74805555555555,
          -11.922777777777778
        ],
        [
          -76.74805555555555,
          -11.9225
        ],
        [
          -76.74833333333333,
          -11.9225
        ],
        [
          -76.74833333333333,
          -11.922777777777778
        ],
        [
          -76.74916666666667,
          -11.922777777777778
        ],
        [
          -76.74916666666667,
          -11.923055555555555
        ],
        [
          -76.75111111111111,
          -11.923055555555555
        ],
        [
          -76.75111111111111,
          -11.923333333333332
        ],
        [
          -76.75166666666667,
          -11.923333333333332
        ],
        [
          -76.75166666666667,
          -11.92361111111111
        ],
        [
          -76.7525,
          -11.92361111111111
        ],
        [
          -76.7525,
          -11.923888888888888
        ],
        [
          -76.7538888888889,
          -11.923888888888888
        ],
        [
          -76.7538888888889,
          -11.924166666666666
        ],
        [
          -76.755,
          -11.924166666666666
        ],
        [
          -76.755,
          -11.923888888888888
        ],
        [
          -76.75527777777778,
          -11.923888888888888
        ],
        [
          -76.75527777777778,
          -11.92361111111111
        ],
        [
          -76.75555555555556,
          -11.92361111111111
        ],
        [
          -76.75555555555556,
          -11.923333333333332
        ],
        [
          -76.75611111111111,
          -11.923333333333332
        ],
        [
          -76.75611111111111,
          -11.923055555555555
        ],
        [
          -76.75638888888889,
          -11.923055555555555
        ],
        [
          -76.75638888888889,
          -11.922777777777778
        ],
        [
          -76.75722222222223,
          -11.922777777777778
        ],
        [
          -76.75722222222223,
          -11.923055555555555
        ],
        [
          -76.75777777777778,
          -11.923055555555555
        ],
        [
          -76.75777777777778,
          -11.923333333333332
        ],
        [
          -76.75888888888889,
          -11.923333333333332
        ],
        [
          -76.75888888888889,
          -11.923055555555555
        ],
        [
          -76.75972222222222,
          -11.923055555555555
        ],
        [
          -76.75972222222222,
          -11.922777777777778
        ],
        [
          -76.76,
          -11.922777777777778
        ],
        [
          -76.76,
          -11.9225
        ],
        [
          -76.76055555555556,
          -11.9225
        ],
        [
          -76.76055555555556,
          -11.922777777777778
        ],
        [
          -76.76222222222222,
          -11.922777777777778
        ],
        [
          -76.76222222222222,
          -11.9225
        ],
        [
          -76.76277777777779,
          -11.9225
        ],
        [
          -76.76277777777779,
          -11.922777777777778
        ],
        [
          -76.76416666666667,
          -11.922777777777778
        ],
        [
          -76.76416666666667,
          -11.923055555555555
        ],
        [
          -76.76472222222222,
          -11.923055555555555
        ],
        [
          -76.76472222222222,
          -11.923333333333332
        ],
        [
          -76.76555555555555,
          -11.923333333333332
        ],
        [
          -76.76555555555555,
          -11.92361111111111
        ],
        [
          -76.76583333333333,
          -11.92361111111111
        ],
        [
          -76.76583333333333,
          -11.923888888888888
        ],
        [
          -76.76611111111112,
          -11.923888888888888
        ],
        [
          -76.76611111111112,
          -11.924166666666666
        ],
        [
          -76.76638888888888,
          -11.924166666666666
        ],
        [
          -76.76638888888888,
          -11.924444444444443
        ],
        [
          -76.76694444444445,
          -11.924444444444443
        ],
        [
          -76.76694444444445,
          -11.924722222222222
        ],
        [
          -76.7675,
          -11.924722222222222
        ],
        [
          -76.7675,
          -11.924999999999999
        ],
        [
          -76.76833333333333,
          -11.924999999999999
        ],
        [
          -76.76833333333333,
          -11.925277777777778
        ],
        [
          -76.76861111111111,
          -11.925277777777778
        ],
        [
          -76.76861111111111,
          -11.925833333333333
        ],
        [
          -76.7688888888889,
          -11.925833333333333
        ],
        [
          -76.7688888888889,
          -11.92611111111111
        ],
        [
          -76.76916666666666,
          -11.92611111111111
        ],
        [
          -76.76916666666666,
          -11.925833333333333
        ],
        [
          -76.76972222222223,
          -11.925833333333333
        ],
        [
          -76.76972222222223,
          -11.925555555555555
        ],
        [
          -76.77027777777778,
          -11.925555555555555
        ],
        [
          -76.77027777777778,
          -11.925277777777778
        ],
        [
          -76.77055555555556,
          -11.925277777777778
        ],
        [
          -76.77055555555556,
          -11.924999999999999
        ],
        [
          -76.77111111111111,
          -11.924999999999999
        ],
        [
          -76.77111111111111,
          -11.924722222222222
        ],
        [
          -76.7713888888889,
          -11.924722222222222
        ],
        [
          -76.7713888888889,
          -11.924166666666666
        ],
        [
          -76.77222222222223,
          -11.924166666666666
        ],
        [
          -76.77222222222223,
          -11.923888888888888
        ],
        [
          -76.77361111111111,
          -11.923888888888888
        ],
        [
          -76.77361111111111,
          -11.92361111111111
        ],
        [
          -76.77416666666667,
          -11.92361111111111
        ],
        [
          -76.77416666666667,
          -11.923333333333332
        ],
        [
          -76.77444444444444,
          -11.923333333333332
        ],
        [
          -76.77444444444444,
          -11.92361111111111
        ],
        [
          -76.775,
          -11.92361111111111
        ],
        [
          -76.775,
          -11.923888888888888
        ],
        [
          -76.77527777777777,
          -11.923888888888888
        ],
        [
          -76.77527777777777,
          -11.924166666666666
        ],
        [
          -76.77555555555556,
          -11.924166666666666
        ],
        [
          -76.77555555555556,
          -11.924444444444443
        ],
        [
          -76.77583333333334,
          -11.924444444444443
        ],
        [
          -76.77583333333334,
          -11.924722222222222
        ],
        [
          -76.77638888888889,
          -11.924722222222222
        ],
        [
          -76.77638888888889,
          -11.924999999999999
        ],
        [
          -76.7775,
          -11.924999999999999
        ],
        [
          -76.7775,
          -11.924722222222222
        ],
        [
          -76.77833333333334,
          -11.924722222222222
        ],
        [
          -76.77833333333334,
          -11.924999999999999
        ],
        [
          -76.77888888888889,
          -11.924999999999999
        ],
        [
          -76.77888888888889,
          -11.924722222222222
        ],
        [
          -76.78055555555555,
          -11.924722222222222
        ],
        [
          -76.78055555555555,
          -11.924444444444443
        ],
        [
          -76.78111111111112,
          -11.924444444444443
        ],
        [
          -76.78111111111112,
          -11.924166666666666
        ],
        [
          -76.78138888888888,
          -11.924166666666666
        ],
        [
          -76.78138888888888,
          -11.924444444444443
        ],
        [
          -76.78166666666667,
          -11.924444444444443
        ],
        [
          -76.78166666666667,
          -11.924722222222222
        ],
        [
          -76.78194444444445,
          -11.924722222222222
        ],
        [
          -76.78194444444445,
          -11.925277777777778
        ],
        [
          -76.78222222222222,
          -11.925277777777778
        ],
        [
          -76.78222222222222,
          -11.925555555555555
        ],
        [
          -76.78361111111111,
          -11.925555555555555
        ],
        [
          -76.78361111111111,
          -11.926666666666666
        ],
        [
          -76.7838888888889,
          -11.926666666666666
        ],
        [
          -76.7838888888889,
          -11.926944444444445
        ],
        [
          -76.78416666666666,
          -11.926944444444445
        ],
        [
          -76.78416666666666,
          -11.927222222222222
        ],
        [
          -76.78444444444445,
          -11.927222222222222
        ],
        [
          -76.78444444444445,
          -11.92861111111111
        ],
        [
          -76.78472222222223,
          -11.92861111111111
        ],
        [
          -76.78472222222223,
          -11.928888888888888
        ],
        [
          -76.785,
          -11.928888888888888
        ],
        [
          -76.785,
          -11.929444444444444
        ],
        [
          -76.78555555555556,
          -11.929444444444444
        ],
        [
          -76.78555555555556,
          -11.929722222222221
        ],
        [
          -76.78611111111111,
          -11.929722222222221
        ],
        [
          -76.78611111111111,
          -11.93
        ],
        [
          -76.7863888888889,
          -11.93
        ],
        [
          -76.7863888888889,
          -11.931388888888888
        ],
        [
          -76.78666666666666,
          -11.931388888888888
        ],
        [
          -76.78666666666666,
          -11.931666666666667
        ],
        [
          -76.78694444444444,
          -11.931666666666667
        ],
        [
          -76.78694444444444,
          -11.931944444444444
        ],
        [
          -76.78722222222223,
          -11.931944444444444
        ],
        [
          -76.78722222222223,
          -11.9325
        ],
        [
          -76.7875,
          -11.9325
        ],
        [
          -76.7875,
          -11.934166666666666
        ],
        [
          -76.78888888888889,
          -11.934166666666666
        ],
        [
          -76.78888888888889,
          -11.934444444444443
        ],
        [
          -76.78916666666667,
          -11.934444444444443
        ],
        [
          -76.78916666666667,
          -11.934722222222222
        ],
        [
          -76.78944444444444,
          -11.934722222222222
        ],
        [
          -76.78944444444444,
          -11.934999999999999
        ],
        [
          -76.79,
          -11.934999999999999
        ],
        [
          -76.79,
          -11.935277777777777
        ],
        [
          -76.79027777777777,
          -11.935277777777777
        ],
        [
          -76.79027777777777,
          -11.935833333333333
        ],
        [
          -76.79055555555556,
          -11.935833333333333
        ],
        [
          -76.79055555555556,
          -11.936388888888889
        ],
        [
          -76.79083333333334,
          -11.936388888888889
        ],
        [
          -76.79083333333334,
          -11.936944444444444
        ],
        [
          -76.7911111111111,
          -11.936944444444444
        ],
        [
          -76.7911111111111,
          -11.937222222222221
        ],
        [
          -76.79138888888889,
          -11.937222222222221
        ],
        [
          -76.79138888888889,
          -11.9375
        ],
        [
          -76.79166666666667,
          -11.9375
        ],
        [
          -76.79166666666667,
          -11.937777777777777
        ],
        [
          -76.79222222222222,
          -11.937777777777777
        ],
        [
          -76.79222222222222,
          -11.938055555555556
        ],
        [
          -76.79277777777777,
          -11.938055555555556
        ],
        [
          -76.79277777777777,
          -11.938333333333333
        ],
        [
          -76.79305555555555,
          -11.938333333333333
        ],
        [
          -76.79305555555555,
          -11.938611111111111
        ],
        [
          -76.79333333333334,
          -11.938611111111111
        ],
        [
          -76.79333333333334,
          -11.938888888888888
        ],
        [
          -76.79416666666667,
          -11.938888888888888
        ],
        [
          -76.79416666666667,
          -11.939166666666667
        ],
        [
          -76.79444444444445,
          -11.939166666666667
        ],
        [
          -76.79444444444445,
          -11.939722222222223
        ],
        [
          -76.79472222222222,
          -11.939722222222223
        ],
        [
          -76.79472222222222,
          -11.940555555555555
        ],
        [
          -76.795,
          -11.940555555555555
        ],
        [
          -76.795,
          -11.94111111111111
        ],
        [
          -76.79527777777778,
          -11.94111111111111
        ],
        [
          -76.79527777777778,
          -11.941944444444443
        ],
        [
          -76.79555555555555,
          -11.941944444444443
        ],
        [
          -76.79555555555555,
          -11.942222222222222
        ],
        [
          -76.79583333333333,
          -11.942222222222222
        ],
        [
          -76.79583333333333,
          -11.943055555555555
        ],
        [
          -76.79611111111112,
          -11.943055555555555
        ],
        [
          -76.79611111111112,
          -11.943333333333333
        ],
        [
          -76.79666666666667,
          -11.943333333333333
        ],
        [
          -76.79666666666667,
          -11.94361111111111
        ],
        [
          -76.79722222222222,
          -11.94361111111111
        ],
        [
          -76.79722222222222,
          -11.944166666666666
        ],
        [
          -76.7975,
          -11.944166666666666
        ],
        [
          -76.7975,
          -11.944444444444445
        ],
        [
          -76.79805555555555,
          -11.944444444444445
        ],
        [
          -76.79805555555555,
          -11.944722222222222
        ],
        [
          -76.79916666666666,
          -11.944722222222222
        ],
        [
          -76.79916666666666,
          -11.944444444444445
        ],
        [
          -76.80027777777778,
          -11.944444444444445
        ],
        [
          -76.80027777777778,
          -11.944166666666666
        ],
        [
          -76.8013888888889,
          -11.944166666666666
        ],
        [
          -76.8013888888889,
          -11.943888888888889
        ],
        [
          -76.80166666666666,
          -11.943888888888889
        ],
        [
          -76.80166666666666,
          -11.94361111111111
        ],
        [
          -76.80222222222223,
          -11.94361111111111
        ],
        [
          -76.80222222222223,
          -11.943333333333333
        ],
        [
          -76.80277777777778,
          -11.943333333333333
        ],
        [
          -76.80277777777778,
          -11.943055555555555
        ],
        [
          -76.80305555555556,
          -11.943055555555555
        ],
        [
          -76.80305555555556,
          -11.943333333333333
        ],
        [
          -76.80333333333333,
          -11.943333333333333
        ],
        [
          -76.80333333333333,
          -11.944166666666666
        ],
        [
          -76.80361111111111,
          -11.944166666666666
        ],
        [
          -76.80361111111111,
          -11.944444444444445
        ],
        [
          -76.80388888888889,
          -11.944444444444445
        ],
        [
          -76.80388888888889,
          -11.944722222222222
        ],
        [
          -76.80416666666667,
          -11.944722222222222
        ],
        [
          -76.80416666666667,
          -11.945
        ],
        [
          -76.80444444444444,
          -11.945
        ],
        [
          -76.80444444444444,
          -11.945555555555554
        ],
        [
          -76.80472222222222,
          -11.945555555555554
        ],
        [
          -76.80472222222222,
          -11.945833333333333
        ],
        [
          -76.805,
          -11.945833333333333
        ],
        [
          -76.805,
          -11.946388888888889
        ],
        [
          -76.80555555555556,
          -11.946388888888889
        ],
        [
          -76.80555555555556,
          -11.946666666666665
        ],
        [
          -76.80583333333334,
          -11.946666666666665
        ],
        [
          -76.80583333333334,
          -11.946944444444444
        ],
        [
          -76.80611111111111,
          -11.946944444444444
        ],
        [
          -76.80611111111111,
          -11.947222222222221
        ],
        [
          -76.80666666666667,
          -11.947222222222221
        ],
        [
          -76.80666666666667,
          -11.9475
        ],
        [
          -76.80694444444444,
          -11.9475
        ],
        [
          -76.80694444444444,
          -11.947777777777777
        ],
        [
          -76.80722222222222,
          -11.947777777777777
        ],
        [
          -76.80722222222222,
          -11.948611111111111
        ],
        [
          -76.8075,
          -11.948611111111111
        ],
        [
          -76.8075,
          -11.949166666666667
        ],
        [
          -76.80777777777777,
          -11.949166666666667
        ],
        [
          -76.80777777777777,
          -11.949444444444444
        ],
        [
          -76.80805555555555,
          -11.949444444444444
        ],
        [
          -76.80805555555555,
          -11.95
        ],
        [
          -76.80833333333334,
          -11.95
        ],
        [
          -76.80833333333334,
          -11.950277777777778
        ],
        [
          -76.8086111111111,
          -11.950277777777778
        ],
        [
          -76.8086111111111,
          -11.950555555555555
        ],
        [
          -76.80888888888889,
          -11.950555555555555
        ],
        [
          -76.80888888888889,
          -11.950833333333334
        ],
        [
          -76.80944444444445,
          -11.950833333333334
        ],
        [
          -76.80944444444445,
          -11.95111111111111
        ],
        [
          -76.81027777777778,
          -11.95111111111111
        ],
        [
          -76.81027777777778,
          -11.951666666666666
        ],
        [
          -76.81083333333333,
          -11.951666666666666
        ],
        [
          -76.81083333333333,
          -11.951944444444443
        ],
        [
          -76.81166666666667,
          -11.951944444444443
        ],
        [
          -76.81166666666667,
          -11.952222222222222
        ],
        [
          -76.81222222222222,
          -11.952222222222222
        ],
        [
          -76.81222222222222,
          -11.952499999999999
        ],
        [
          -76.8125,
          -11.952499999999999
        ],
        [
          -76.8125,
          -11.952777777777778
        ],
        [
          -76.81277777777778,
          -11.952777777777778
        ],
        [
          -76.81277777777778,
          -11.953055555555554
        ],
        [
          -76.81333333333333,
          -11.953055555555554
        ],
        [
          -76.81333333333333,
          -11.953333333333333
        ],
        [
          -76.8138888888889,
          -11.953333333333333
        ],
        [
          -76.8138888888889,
          -11.95361111111111
        ],
        [
          -76.81611111111111,
          -11.95361111111111
        ],
        [
          -76.81611111111111,
          -11.953888888888889
        ],
        [
          -76.8163888888889,
          -11.953888888888889
        ],
        [
          -76.8163888888889,
          -11.954166666666666
        ],
        [
          -76.8175,
          -11.954166666666666
        ],
        [
          -76.8175,
          -11.953888888888889
        ],
        [
          -76.81972222222223,
          -11.953888888888889
        ],
        [
          -76.81972222222223,
          -11.95361111111111
        ],
        [
          -76.82000000000001,
          -11.95361111111111
        ],
        [
          -76.82000000000001,
          -11.953888888888889
        ],
        [
          -76.82055555555556,
          -11.953888888888889
        ],
        [
          -76.82055555555556,
          -11.954166666666666
        ],
        [
          -76.82083333333334,
          -11.954166666666666
        ],
        [
          -76.82083333333334,
          -11.954444444444444
        ],
        [
          -76.82111111111111,
          -11.954444444444444
        ],
        [
          -76.82111111111111,
          -11.954722222222221
        ],
        [
          -76.82138888888889,
          -11.954722222222221
        ],
        [
          -76.82138888888889,
          -11.955
        ],
        [
          -76.82166666666667,
          -11.955
        ],
        [
          -76.82166666666667,
          -11.955277777777777
        ],
        [
          -76.82222222222222,
          -11.955277777777777
        ],
        [
          -76.82222222222222,
          -11.955555555555556
        ],
        [
          -76.8225,
          -11.955555555555556
        ],
        [
          -76.8225,
          -11.956111111111111
        ],
        [
          -76.82277777777777,
          -11.956111111111111
        ],
        [
          -76.82277777777777,
          -11.956944444444444
        ],
        [
          -76.82305555555556,
          -11.956944444444444
        ],
        [
          -76.82305555555556,
          -11.957777777777777
        ],
        [
          -76.82333333333334,
          -11.957777777777777
        ],
        [
          -76.82333333333334,
          -11.958333333333332
        ],
        [
          -76.82388888888889,
          -11.958333333333332
        ],
        [
          -76.82388888888889,
          -11.95861111111111
        ],
        [
          -76.82416666666667,
          -11.95861111111111
        ],
        [
          -76.82416666666667,
          -11.958888888888888
        ],
        [
          -76.82444444444445,
          -11.958888888888888
        ],
        [
          -76.82444444444445,
          -11.959166666666667
        ],
        [
          -76.82472222222222,
          -11.959166666666667
        ],
        [
          -76.82472222222222,
          -11.959999999999999
        ],
        [
          -76.825,
          -11.959999999999999
        ],
        [
          -76.825,
          -11.960555555555555
        ],
        [
          -76.82527777777779,
          -11.960555555555555
        ],
        [
          -76.82527777777779,
          -11.96111111111111
        ],
        [
          -76.82555555555555,
          -11.96111111111111
        ],
        [
          -76.82555555555555,
          -11.961666666666666
        ],
        [
          -76.82583333333334,
          -11.961666666666666
        ],
        [
          -76.82583333333334,
          -11.962222222222222
        ],
        [
          -76.82722222222222,
          -11.962222222222222
        ],
        [
          -76.82722222222222,
          -11.962777777777777
        ],
        [
          -76.8275,
          -11.962777777777777
        ],
        [
          -76.8275,
          -11.963055555555554
        ],
        [
          -76.82777777777778,
          -11.963055555555554
        ],
        [
          -76.82777777777778,
          -11.963333333333333
        ],
        [
          -76.82805555555555,
          -11.963333333333333
        ],
        [
          -76.82805555555555,
          -11.96361111111111
        ],
        [
          -76.83055555555556,
          -11.96361111111111
        ],
        [
          -76.83055555555556,
          -11.963888888888889
        ],
        [
          -76.83083333333333,
          -11.963888888888889
        ],
        [
          -76.83083333333333,
          -11.964444444444444
        ],
        [
          -76.83111111111111,
          -11.964444444444444
        ],
        [
          -76.83111111111111,
          -11.964722222222221
        ],
        [
          -76.8313888888889,
          -11.964722222222221
        ],
        [
          -76.8313888888889,
          -11.965
        ],
        [
          -76.83166666666666,
          -11.965
        ],
        [
          -76.83166666666666,
          -11.965277777777777
        ],
        [
          -76.83194444444445,
          -11.965277777777777
        ],
        [
          -76.83194444444445,
          -11.965555555555556
        ],
        [
          -76.8325,
          -11.965555555555556
        ],
        [
          -76.8325,
          -11.965277777777777
        ],
        [
          -76.83305555555556,
          -11.965277777777777
        ],
        [
          -76.83305555555556,
          -11.965
        ],
        [
          -76.83333333333333,
          -11.965
        ],
        [
          -76.83333333333333,
          -11.964722222222221
        ],
        [
          -76.83361111111111,
          -11.964722222222221
        ],
        [
          -76.83361111111111,
          -11.964444444444444
        ],
        [
          -76.8338888888889,
          -11.964444444444444
        ],
        [
          -76.8338888888889,
          -11.963888888888889
        ],
        [
          -76.83416666666666,
          -11.963888888888889
        ],
        [
          -76.83416666666666,
          -11.96361111111111
        ],
        [
          -76.83444444444444,
          -11.96361111111111
        ],
        [
          -76.83444444444444,
          -11.963333333333333
        ],
        [
          -76.83472222222223,
          -11.963333333333333
        ],
        [
          -76.83472222222223,
          -11.963055555555554
        ],
        [
          -76.83666666666667,
          -11.963055555555554
        ],
        [
          -76.83666666666667,
          -11.963333333333333
        ],
        [
          -76.83694444444444,
          -11.963333333333333
        ],
        [
          -76.83694444444444,
          -11.96361111111111
        ],
        [
          -76.83722222222222,
          -11.96361111111111
        ],
        [
          -76.83722222222222,
          -11.963333333333333
        ],
        [
          -76.83777777777777,
          -11.963333333333333
        ],
        [
          -76.83777777777777,
          -11.963055555555554
        ],
        [
          -76.83972222222222,
          -11.963055555555554
        ],
        [
          -76.83972222222222,
          -11.962777777777777
        ],
        [
          -76.84055555555555,
          -11.962777777777777
        ],
        [
          -76.84055555555555,
          -11.9625
        ],
        [
          -76.84111111111112,
          -11.9625
        ],
        [
          -76.84111111111112,
          -11.962222222222222
        ],
        [
          -76.84222222222222,
          -11.962222222222222
        ],
        [
          -76.84222222222222,
          -11.9625
        ],
        [
          -76.8425,
          -11.9625
        ],
        [
          -76.8425,
          -11.962777777777777
        ],
        [
          -76.84388888888888,
          -11.962777777777777
        ],
        [
          -76.84388888888888,
          -11.9625
        ],
        [
          -76.84416666666667,
          -11.9625
        ],
        [
          -76.84416666666667,
          -11.962222222222222
        ],
        [
          -76.84444444444445,
          -11.962222222222222
        ],
        [
          -76.84444444444445,
          -11.961944444444445
        ],
        [
          -76.845,
          -11.961944444444445
        ],
        [
          -76.845,
          -11.961666666666666
        ],
        [
          -76.8463888888889,
          -11.961666666666666
        ],
        [
          -76.8463888888889,
          -11.961388888888889
        ],
        [
          -76.84694444444445,
          -11.961388888888889
        ],
        [
          -76.84694444444445,
          -11.96111111111111
        ],
        [
          -76.84722222222223,
          -11.96111111111111
        ],
        [
          -76.84722222222223,
          -11.961388888888889
        ],
        [
          -76.84861111111111,
          -11.961388888888889
        ],
        [
          -76.84861111111111,
          -11.961666666666666
        ],
        [
          -76.84916666666666,
          -11.961666666666666
        ],
        [
          -76.84916666666666,
          -11.962222222222222
        ],
        [
          -76.84944444444444,
          -11.962222222222222
        ],
        [
          -76.84944444444444,
          -11.9625
        ],
        [
          -76.84972222222223,
          -11.9625
        ],
        [
          -76.84972222222223,
          -11.96361111111111
        ],
        [
          -76.85,
          -11.96361111111111
        ],
        [
          -76.85,
          -11.963888888888889
        ],
        [
          -76.85055555555556,
          -11.963888888888889
        ],
        [
          -76.85055555555556,
          -11.964166666666666
        ],
        [
          -76.85138888888889,
          -11.964166666666666
        ],
        [
          -76.85138888888889,
          -11.964444444444444
        ],
        [
          -76.8525,
          -11.964444444444444
        ],
        [
          -76.8525,
          -11.965555555555556
        ],
        [
          -76.85277777777777,
          -11.965555555555556
        ],
        [
          -76.85277777777777,
          -11.966388888888888
        ],
        [
          -76.85305555555556,
          -11.966388888888888
        ],
        [
          -76.85305555555556,
          -11.966944444444444
        ],
        [
          -76.85277777777777,
          -11.966944444444444
        ],
        [
          -76.85277777777777,
          -11.968055555555555
        ],
        [
          -76.8525,
          -11.968055555555555
        ],
        [
          -76.8525,
          -11.968333333333334
        ],
        [
          -76.85222222222222,
          -11.968333333333334
        ],
        [
          -76.85222222222222,
          -11.969444444444443
        ],
        [
          -76.8525,
          -11.969444444444443
        ],
        [
          -76.8525,
          -11.969722222222222
        ],
        [
          -76.85222222222222,
          -11.969722222222222
        ],
        [
          -76.85222222222222,
          -11.973333333333333
        ],
        [
          -76.85194444444444,
          -11.973333333333333
        ],
        [
          -76.85194444444444,
          -11.973888888888888
        ],
        [
          -76.85222222222222,
          -11.973888888888888
        ],
        [
          -76.85222222222222,
          -11.974444444444444
        ],
        [
          -76.8525,
          -11.974444444444444
        ],
        [
          -76.8525,
          -11.974722222222221
        ],
        [
          -76.85277777777777,
          -11.974722222222221
        ],
        [
          -76.85277777777777,
          -11.975
        ],
        [
          -76.85305555555556,
          -11.975
        ],
        [
          -76.85305555555556,
          -11.975277777777777
        ],
        [
          -76.85388888888889,
          -11.975277777777777
        ],
        [
          -76.85388888888889,
          -11.975
        ],
        [
          -76.85527777777777,
          -11.975
        ],
        [
          -76.85527777777777,
          -11.974722222222221
        ],
        [
          -76.85583333333334,
          -11.974722222222221
        ],
        [
          -76.85583333333334,
          -11.974444444444444
        ],
        [
          -76.85638888888889,
          -11.974444444444444
        ],
        [
          -76.85638888888889,
          -11.974722222222221
        ],
        [
          -76.85666666666667,
          -11.974722222222221
        ],
        [
          -76.85666666666667,
          -11.974444444444444
        ],
        [
          -76.85694444444445,
          -11.974444444444444
        ],
        [
          -76.85694444444445,
          -11.974166666666665
        ],
        [
          -76.85722222222222,
          -11.974166666666665
        ],
        [
          -76.85722222222222,
          -11.973888888888888
        ],
        [
          -76.8575,
          -11.973888888888888
        ],
        [
          -76.8575,
          -11.973611111111111
        ],
        [
          -76.85805555555555,
          -11.973611111111111
        ],
        [
          -76.85805555555555,
          -11.973333333333333
        ],
        [
          -76.85833333333333,
          -11.973333333333333
        ],
        [
          -76.85833333333333,
          -11.973055555555556
        ],
        [
          -76.85888888888888,
          -11.973055555555556
        ],
        [
          -76.85888888888888,
          -11.972777777777777
        ],
        [
          -76.85916666666667,
          -11.972777777777777
        ],
        [
          -76.85916666666667,
          -11.9725
        ],
        [
          -76.85972222222222,
          -11.9725
        ],
        [
          -76.85972222222222,
          -11.972222222222221
        ],
        [
          -76.86055555555555,
          -11.972222222222221
        ],
        [
          -76.86055555555555,
          -11.971944444444444
        ],
        [
          -76.86083333333333,
          -11.971944444444444
        ],
        [
          -76.86083333333333,
          -11.971666666666666
        ],
        [
          -76.86166666666666,
          -11.971666666666666
        ],
        [
          -76.86166666666666,
          -11.971388888888889
        ],
        [
          -76.86305555555556,
          -11.971388888888889
        ],
        [
          -76.86305555555556,
          -11.971944444444444
        ],
        [
          -76.86333333333333,
          -11.971944444444444
        ],
        [
          -76.86333333333333,
          -11.972222222222221
        ],
        [
          -76.86361111111111,
          -11.972222222222221
        ],
        [
          -76.86361111111111,
          -11.9725
        ],
        [
          -76.86416666666666,
          -11.9725
        ],
        [
          -76.86416666666666,
          -11.972777777777777
        ],
        [
          -76.86472222222223,
          -11.972777777777777
        ],
        [
          -76.86472222222223,
          -11.973055555555556
        ],
        [
          -76.865,
          -11.973055555555556
        ],
        [
          -76.865,
          -11.973333333333333
        ],
        [
          -76.86527777777778,
          -11.973333333333333
        ],
        [
          -76.86527777777778,
          -11.973611111111111
        ],
        [
          -76.86555555555556,
          -11.973611111111111
        ],
        [
          -76.86555555555556,
          -11.973888888888888
        ],
        [
          -76.86583333333333,
          -11.973888888888888
        ],
        [
          -76.86583333333333,
          -11.974166666666665
        ],
        [
          -76.86611111111111,
          -11.974166666666665
        ],
        [
          -76.86611111111111,
          -11.974444444444444
        ],
        [
          -76.86638888888889,
          -11.974444444444444
        ],
        [
          -76.86638888888889,
          -11.975
        ],
        [
          -76.86666666666667,
          -11.975
        ],
        [
          -76.86666666666667,
          -11.975277777777777
        ],
        [
          -76.86694444444444,
          -11.975277777777777
        ],
        [
          -76.86694444444444,
          -11.975555555555555
        ],
        [
          -76.86722222222222,
          -11.975555555555555
        ],
        [
          -76.86722222222222,
          -11.975833333333332
        ],
        [
          -76.8675,
          -11.975833333333332
        ],
        [
          -76.8675,
          -11.976111111111111
        ],
        [
          -76.86777777777777,
          -11.976111111111111
        ],
        [
          -76.86777777777777,
          -11.976388888888888
        ],
        [
          -76.86805555555556,
          -11.976388888888888
        ],
        [
          -76.86805555555556,
          -11.976944444444444
        ],
        [
          -76.86861111111111,
          -11.976944444444444
        ],
        [
          -76.86861111111111,
          -11.977222222222222
        ],
        [
          -76.86944444444444,
          -11.977222222222222
        ],
        [
          -76.86944444444444,
          -11.9775
        ],
        [
          -76.87,
          -11.9775
        ],
        [
          -76.87,
          -11.977777777777778
        ],
        [
          -76.87194444444445,
          -11.977777777777778
        ],
        [
          -76.87194444444445,
          -11.978055555555555
        ],
        [
          -76.87222222222222,
          -11.978055555555555
        ],
        [
          -76.87222222222222,
          -11.978333333333333
        ],
        [
          -76.87277777777778,
          -11.978333333333333
        ],
        [
          -76.87277777777778,
          -11.97861111111111
        ],
        [
          -76.87305555555555,
          -11.97861111111111
        ],
        [
          -76.87305555555555,
          -11.97888888888889
        ],
        [
          -76.87333333333333,
          -11.97888888888889
        ],
        [
          -76.87333333333333,
          -11.979166666666666
        ],
        [
          -76.87361111111112,
          -11.979166666666666
        ],
        [
          -76.87361111111112,
          -11.979722222222222
        ],
        [
          -76.87388888888889,
          -11.979722222222222
        ],
        [
          -76.87388888888889,
          -11.979999999999999
        ],
        [
          -76.87527777777778,
          -11.979999999999999
        ],
        [
          -76.87527777777778,
          -11.980555555555554
        ],
        [
          -76.87555555555555,
          -11.980555555555554
        ],
        [
          -76.87555555555555,
          -11.980833333333333
        ],
        [
          -76.87583333333333,
          -11.980833333333333
        ],
        [
          -76.87583333333333,
          -11.98111111111111
        ],
        [
          -76.87611111111111,
          -11.98111111111111
        ],
        [
          -76.87611111111111,
          -11.981388888888889
        ],
        [
          -76.8763888888889,
          -11.981388888888889
        ],
        [
          -76.8763888888889,
          -11.982222222222221
        ],
        [
          -76.87694444444445,
          -11.982222222222221
        ],
        [
          -76.87694444444445,
          -11.9825
        ],
        [
          -76.8775,
          -11.9825
        ],
        [
          -76.8775,
          -11.983055555555556
        ],
        [
          -76.87777777777778,
          -11.983055555555556
        ],
        [
          -76.87777777777778,
          -11.984722222222222
        ],
        [
          -76.87805555555556,
          -11.984722222222222
        ],
        [
          -76.87805555555556,
          -11.985
        ],
        [
          -76.87833333333333,
          -11.985
        ],
        [
          -76.87833333333333,
          -11.985277777777778
        ],
        [
          -76.87861111111111,
          -11.985277777777778
        ],
        [
          -76.87861111111111,
          -11.985555555555555
        ],
        [
          -76.87916666666666,
          -11.985555555555555
        ],
        [
          -76.87916666666666,
          -11.986388888888888
        ],
        [
          -76.87944444444445,
          -11.986388888888888
        ],
        [
          -76.87944444444445,
          -11.987222222222222
        ],
        [
          -76.87972222222223,
          -11.987222222222222
        ],
        [
          -76.87972222222223,
          -11.987499999999999
        ],
        [
          -76.88,
          -11.987499999999999
        ],
        [
          -76.88,
          -11.987777777777778
        ],
        [
          -76.88027777777778,
          -11.987777777777778
        ],
        [
          -76.88027777777778,
          -11.988055555555555
        ],
        [
          -76.88055555555556,
          -11.988055555555555
        ],
        [
          -76.88055555555556,
          -11.988333333333333
        ],
        [
          -76.88083333333333,
          -11.988333333333333
        ],
        [
          -76.88083333333333,
          -11.98861111111111
        ],
        [
          -76.88111111111111,
          -11.98861111111111
        ],
        [
          -76.88111111111111,
          -11.988888888888889
        ],
        [
          -76.88138888888889,
          -11.988888888888889
        ],
        [
          -76.88138888888889,
          -11.989166666666666
        ],
        [
          -76.88166666666667,
          -11.989166666666666
        ],
        [
          -76.88166666666667,
          -11.989444444444445
        ],
        [
          -76.88194444444444,
          -11.989444444444445
        ],
        [
          -76.88194444444444,
          -11.99
        ],
        [
          -76.88222222222223,
          -11.99
        ],
        [
          -76.88222222222223,
          -11.990555555555556
        ],
        [
          -76.88250000000001,
          -11.990555555555556
        ],
        [
          -76.88250000000001,
          -11.990833333333333
        ],
        [
          -76.88277777777778,
          -11.990833333333333
        ],
        [
          -76.88277777777778,
          -11.99111111111111
        ],
        [
          -76.88305555555556,
          -11.99111111111111
        ],
        [
          -76.88305555555556,
          -11.991388888888888
        ],
        [
          -76.88361111111111,
          -11.991388888888888
        ],
        [
          -76.88361111111111,
          -11.991666666666665
        ],
        [
          -76.88388888888889,
          -11.991666666666665
        ],
        [
          -76.88388888888889,
          -11.991944444444444
        ],
        [
          -76.88416666666667,
          -11.991944444444444
        ],
        [
          -76.88416666666667,
          -11.992222222222221
        ],
        [
          -76.88444444444444,
          -11.992222222222221
        ],
        [
          -76.88444444444444,
          -11.9925
        ],
        [
          -76.88472222222222,
          -11.9925
        ],
        [
          -76.88472222222222,
          -11.993055555555555
        ],
        [
          -76.88527777777777,
          -11.993055555555555
        ],
        [
          -76.88527777777777,
          -11.993333333333332
        ],
        [
          -76.88555555555556,
          -11.993333333333332
        ],
        [
          -76.88555555555556,
          -11.993611111111111
        ],
        [
          -76.8861111111111,
          -11.993611111111111
        ],
        [
          -76.8861111111111,
          -11.993888888888888
        ],
        [
          -76.88666666666667,
          -11.993888888888888
        ],
        [
          -76.88666666666667,
          -11.995
        ],
        [
          -76.88694444444445,
          -11.995
        ],
        [
          -76.88694444444445,
          -11.99611111111111
        ],
        [
          -76.88722222222222,
          -11.99611111111111
        ],
        [
          -76.88722222222222,
          -11.996666666666666
        ],
        [
          -76.8875,
          -11.996666666666666
        ],
        [
          -76.8875,
          -11.997222222222222
        ],
        [
          -76.88777777777779,
          -11.997222222222222
        ],
        [
          -76.88777777777779,
          -11.997499999999999
        ],
        [
          -76.88805555555555,
          -11.997499999999999
        ],
        [
          -76.88805555555555,
          -11.99861111111111
        ],
        [
          -76.88833333333334,
          -11.99861111111111
        ],
        [
          -76.88833333333334,
          -11.998888888888889
        ],
        [
          -76.88861111111112,
          -11.998888888888889
        ],
        [
          -76.88861111111112,
          -11.999166666666666
        ],
        [
          -76.88972222222222,
          -11.999166666666666
        ],
        [
          -76.88972222222222,
          -11.999444444444444
        ],
        [
          -76.89083333333333,
          -11.999444444444444
        ],
        [
          -76.89083333333333,
          -11.999722222222221
        ],
        [
          -76.89138888888888,
          -11.999722222222221
        ],
        [
          -76.89138888888888,
          -12.0
        ],
        [
          -76.89194444444445,
          -12.0
        ],
        [
          -76.89194444444445,
          -12.000277777777777
        ],
        [
          -76.89222222222223,
          -12.000277777777777
        ],
        [
          -76.89222222222223,
          -12.000833333333333
        ],
        [
          -76.8925,
          -12.000833333333333
        ],
        [
          -76.8925,
          -12.001111111111111
        ],
        [
          -76.89277777777778,
          -12.001111111111111
        ],
        [
          -76.89277777777778,
          -12.001944444444444
        ],
        [
          -76.89305555555556,
          -12.001944444444444
        ],
        [
          -76.89305555555556,
          -12.002222222222223
        ],
        [
          -76.89333333333333,
          -12.002222222222223
        ],
        [
          -76.89333333333333,
          -12.002777777777776
        ],
        [
          -76.89361111111111,
          -12.002777777777776
        ],
        [
          -76.89361111111111,
          -12.003055555555555
        ],
        [
          -76.8938888888889,
          -12.003055555555555
        ],
        [
          -76.8938888888889,
          -12.00361111111111
        ],
        [
          -76.89416666666666,
          -12.00361111111111
        ],
        [
          -76.89416666666666,
          -12.004444444444443
        ],
        [
          -76.89444444444445,
          -12.004444444444443
        ],
        [
          -76.89444444444445,
          -12.004722222222222
        ],
        [
          -76.895,
          -12.004722222222222
        ],
        [
          -76.895,
          -12.004999999999999
        ],
        [
          -76.89694444444444,
          -12.004999999999999
        ],
        [
          -76.89694444444444,
          -12.005277777777778
        ],
        [
          -76.89777777777778,
          -12.005277777777778
        ],
        [
          -76.89777777777778,
          -12.005555555555555
        ],
        [
          -76.89805555555556,
          -12.005555555555555
        ],
        [
          -76.89805555555556,
          -12.005277777777778
        ],
        [
          -76.89888888888889,
          -12.005277777777778
        ],
        [
          -76.89888888888889,
          -12.005555555555555
        ],
        [
          -76.89972222222222,
          -12.005555555555555
        ],
        [
          -76.89972222222222,
          -12.005833333333333
        ],
        [
          -76.9,
          -12.005833333333333
        ],
        [
          -76.9,
          -12.00611111111111
        ],
        [
          -76.90027777777777,
          -12.00611111111111
        ],
        [
          -76.90027777777777,
          -12.006388888888889
        ],
        [
          -76.90055555555556,
          -12.006388888888889
        ],
        [
          -76.90055555555556,
          -12.006944444444445
        ],
        [
          -76.90083333333334,
          -12.006944444444445
        ],
        [
          -76.90083333333334,
          -12.007222222222222
        ],
        [
          -76.9011111111111,
          -12.007222222222222
        ],
        [
          -76.9011111111111,
          -12.0075
        ],
        [
          -76.90138888888889,
          -12.0075
        ],
        [
          -76.90138888888889,
          -12.008055555555554
        ],
        [
          -76.90166666666667,
          -12.008055555555554
        ],
        [
          -76.90166666666667,
          -12.008888888888889
        ],
        [
          -76.90194444444444,
          -12.008888888888889
        ],
        [
          -76.90194444444444,
          -12.009166666666665
        ],
        [
          -76.90472222222222,
          -12.009166666666665
        ],
        [
          -76.90472222222222,
          -12.008888888888889
        ],
        [
          -76.905,
          -12.008888888888889
        ],
        [
          -76.905,
          -12.009166666666665
        ],
        [
          -76.90638888888888,
          -12.009166666666665
        ],
        [
          -76.90638888888888,
          -12.008888888888889
        ],
        [
          -76.90694444444445,
          -12.008888888888889
        ],
        [
          -76.90694444444445,
          -12.00861111111111
        ],
        [
          -76.90833333333333,
          -12.00861111111111
        ],
        [
          -76.90833333333333,
          -12.008333333333333
        ],
        [
          -76.91,
          -12.008333333333333
        ],
        [
          -76.91,
          -12.00861111111111
        ],
        [
          -76.91055555555556,
          -12.00861111111111
        ],
        [
          -76.91055555555556,
          -12.008333333333333
        ],
        [
          -76.91083333333333,
          -12.008333333333333
        ],
        [
          -76.91083333333333,
          -12.008055555555554
        ],
        [
          -76.9113888888889,
          -12.008055555555554
        ],
        [
          -76.9113888888889,
          -12.007777777777777
        ],
        [
          -76.91194444444444,
          -12.007777777777777
        ],
        [
          -76.91194444444444,
          -12.007222222222222
        ],
        [
          -76.91222222222223,
          -12.007222222222222
        ],
        [
          -76.91222222222223,
          -12.0075
        ],
        [
          -76.9125,
          -12.0075
        ],
        [
          -76.9125,
          -12.007777777777777
        ],
        [
          -76.91416666666667,
          -12.007777777777777
        ],
        [
          -76.91416666666667,
          -12.0075
        ],
        [
          -76.91444444444444,
          -12.0075
        ],
        [
          -76.91444444444444,
          -12.007777777777777
        ],
        [
          -76.9161111111111,
          -12.007777777777777
        ],
        [
          -76.9161111111111,
          -12.008055555555554
        ],
        [
          -76.91666666666667,
          -12.008055555555554
        ],
        [
          -76.91666666666667,
          -12.007777777777777
        ],
        [
          -76.91777777777777,
          -12.007777777777777
        ],
        [
          -76.91777777777777,
          -12.0075
        ],
        [
          -76.91833333333334,
          -12.0075
        ],
        [
          -76.91833333333334,
          -12.007777777777777
        ],
        [
          -76.91861111111112,
          -12.007777777777777
        ],
        [
          -76.91861111111112,
          -12.008055555555554
        ],
        [
          -76.91916666666667,
          -12.008055555555554
        ],
        [
          -76.91916666666667,
          -12.007777777777777
        ],
        [
          -76.92,
          -12.007777777777777
        ],
        [
          -76.92,
          -12.0075
        ],
        [
          -76.92055555555555,
          -12.0075
        ],
        [
          -76.92055555555555,
          -12.008333333333333
        ],
        [
          -76.92083333333333,
          -12.008333333333333
        ],
        [
          -76.92083333333333,
          -12.00861111111111
        ],
        [
          -76.92111111111112,
          -12.00861111111111
        ],
        [
          -76.92111111111112,
          -12.008888888888889
        ],
        [
          -76.92166666666667,
          -12.008888888888889
        ],
        [
          -76.92166666666667,
          -12.009166666666665
        ],
        [
          -76.92194444444445,
          -12.009166666666665
        ],
        [
          -76.92194444444445,
          -12.009722222222221
        ],
        [
          -76.9225,
          -12.009722222222221
        ],
        [
          -76.9225,
          -12.01
        ],
        [
          -76.92277777777778,
          -12.01
        ],
        [
          -76.92277777777778,
          -12.010277777777777
        ],
        [
          -76.9238888888889,
          -12.010277777777777
        ],
        [
          -76.9238888888889,
          -12.010555555555555
        ],
        [
          -76.92444444444445,
          -12.010555555555555
        ],
        [
          -76.92444444444445,
          -12.010833333333332
        ],
        [
          -76.92555555555556,
          -12.010833333333332
        ],
        [
          -76.92555555555556,
          -12.011111111111111
        ],
        [
          -76.92611111111111,
          -12.011111111111111
        ],
        [
          -76.92611111111111,
          -12.01
        ],
        [
          -76.9263888888889,
          -12.01
        ],
        [
          -76.9263888888889,
          -12.009722222222221
        ],
        [
          -76.92805555555556,
          -12.009722222222221
        ],
        [
          -76.92805555555556,
          -12.009444444444444
        ],
        [
          -76.92833333333333,
          -12.009444444444444
        ],
        [
          -76.92833333333333,
          -12.009166666666665
        ],
        [
          -76.92888888888889,
          -12.009166666666665
        ],
        [
          -76.92888888888889,
          -12.009444444444444
        ],
        [
          -76.92944444444444,
          -12.009444444444444
        ],
        [
          -76.92944444444444,
          -12.009722222222221
        ],
        [
          -76.92972222222222,
          -12.009722222222221
        ],
        [
          -76.92972222222222,
          -12.010277777777777
        ],
        [
          -76.93027777777777,
          -12.010277777777777
        ],
        [
          -76.93027777777777,
          -12.010555555555555
        ],
        [
          -76.93083333333334,
          -12.010555555555555
        ],
        [
          -76.93083333333334,
          -12.010833333333332
        ],
        [
          -76.93166666666667,
          -12.010833333333332
        ],
        [
          -76.93166666666667,
          -12.010555555555555
        ],
        [
          -76.93222222222222,
          -12.010555555555555
        ],
        [
          -76.93222222222222,
          -12.010833333333332
        ],
        [
          -76.9325,
          -12.010833333333332
        ],
        [
          -76.9325,
          -12.010277777777777
        ],
        [
          -76.93388888888889,
          -12.010277777777777
        ],
        [
          -76.93388888888889,
          -12.011111111111111
        ],
        [
          -76.93416666666667,
          -12.011111111111111
        ],
        [
          -76.93416666666667,
          -12.011388888888888
        ],
        [
          -76.93472222222222,
          -12.011388888888888
        ],
        [
          -76.93472222222222,
          -12.011111111111111
        ],
        [
          -76.935,
          -12.011111111111111
        ],
        [
          -76.935,
          -12.010833333333332
        ],
        [
          -76.93555555555555,
          -12.010833333333332
        ],
        [
          -76.93555555555555,
          -12.011111111111111
        ],
        [
          -76.93583333333333,
          -12.011111111111111
        ],
        [
          -76.93583333333333,
          -12.011388888888888
        ],
        [
          -76.93611111111112,
          -12.011388888888888
        ],
        [
          -76.93611111111112,
          -12.010833333333332
        ],
        [
          -76.93638888888889,
          -12.010833333333332
        ],
        [
          -76.93638888888889,
          -12.010555555555555
        ],
        [
          -76.93666666666667,
          -12.010555555555555
        ],
        [
          -76.93666666666667,
          -12.010277777777777
        ],
        [
          -76.93694444444445,
          -12.010277777777777
        ],
        [
          -76.93694444444445,
          -12.010833333333332
        ],
        [
          -76.93722222222222,
          -12.010833333333332
        ],
        [
          -76.93722222222222,
          -12.011111111111111
        ],
        [
          -76.93777777777778,
          -12.011111111111111
        ],
        [
          -76.93777777777778,
          -12.011666666666667
        ],
        [
          -76.93833333333333,
          -12.011666666666667
        ],
        [
          -76.93833333333333,
          -12.011944444444444
        ],
        [
          -76.94,
          -12.011944444444444
        ],
        [
          -76.94,
          -12.012222222222222
        ],
        [
          -76.94027777777778,
          -12.012222222222222
        ],
        [
          -76.94027777777778,
          -12.0125
        ],
        [
          -76.9413888888889,
          -12.0125
        ],
        [
          -76.9413888888889,
          -12.013055555555555
        ],
        [
          -76.94166666666666,
          -12.013055555555555
        ],
        [
          -76.94166666666666,
          -12.013333333333334
        ],
        [
          -76.94222222222223,
          -12.013333333333334
        ],
        [
          -76.94222222222223,
          -12.01388888888889
        ],
        [
          -76.94194444444445,
          -12.01388888888889
        ],
        [
          -76.94194444444445,
          -12.014166666666666
        ],
        [
          -76.94305555555556,
          -12.014166666666666
        ],
        [
          -76.94305555555556,
          -12.014722222222222
        ],
        [
          -76.94388888888889,
          -12.014722222222222
        ],
        [
          -76.94388888888889,
          -12.014999999999999
        ],
        [
          -76.94416666666667,
          -12.014999999999999
        ],
        [
          -76.94416666666667,
          -12.014444444444443
        ],
        [
          -76.94472222222223,
          -12.014444444444443
        ],
        [
          -76.94472222222223,
          -12.014166666666666
        ],
        [
          -76.94527777777778,
          -12.014166666666666
        ],
        [
          -76.94527777777778,
          -12.01388888888889
        ],
        [
          -76.94555555555556,
          -12.01388888888889
        ],
        [
          -76.94555555555556,
          -12.012777777777778
        ],
        [
          -76.94583333333334,
          -12.012777777777778
        ],
        [
          -76.94583333333334,
          -12.012222222222222
        ],
        [
          -76.94638888888889,
          -12.012222222222222
        ],
        [
          -76.94638888888889,
          -12.011666666666667
        ],
        [
          -76.94611111111111,
          -12.011666666666667
        ],
        [
          -76.94611111111111,
          -12.011388888888888
        ],
        [
          -76.94555555555556,
          -12.011388888888888
        ],
        [
          -76.94555555555556,
          -12.011111111111111
        ],
        [
          -76.94388888888889,
          -12.011111111111111
        ],
        [
          -76.94388888888889,
          -12.010833333333332
        ],
        [
          -76.94222222222223,
          -12.010833333333332
        ],
        [
          -76.94222222222223,
          -12.010555555555555
        ],
        [
          -76.94194444444445,
          -12.010555555555555
        ],
        [
          -76.94194444444445,
          -12.010277777777777
        ],
        [
          -76.94222222222223,
          -12.010277777777777
        ],
        [
          -76.94222222222223,
          -12.009444444444444
        ],
        [
          -76.9425,
          -12.009444444444444
        ],
        [
          -76.9425,
          -12.009166666666665
        ],
        [
          -76.94277777777778,
          -12.009166666666665
        ],
        [
          -76.94277777777778,
          -12.008888888888889
        ],
        [
          -76.94305555555556,
          -12.008888888888889
        ],
        [
          -76.94305555555556,
          -12.00861111111111
        ],
        [
          -76.94361111111111,
          -12.00861111111111
        ],
        [
          -76.94361111111111,
          -12.008333333333333
        ],
        [
          -76.94388888888889,
          -12.008333333333333
        ],
        [
          -76.94388888888889,
          -12.008055555555554
        ],
        [
          -76.94416666666667,
          -12.008055555555554
        ],
        [
          -76.94416666666667,
          -12.0075
        ],
        [
          -76.94444444444444,
          -12.0075
        ],
        [
          -76.94444444444444,
          -12.007222222222222
        ],
        [
          -76.94472222222223,
          -12.007222222222222
        ],
        [
          -76.94472222222223,
          -12.006666666666666
        ],
        [
          -76.94500000000001,
          -12.006666666666666
        ],
        [
          -76.94500000000001,
          -12.00611111111111
        ],
        [
          -76.94527777777778,
          -12.00611111111111
        ],
        [
          -76.94527777777778,
          -12.005555555555555
        ],
        [
          -76.94555555555556,
          -12.005555555555555
        ],
        [
          -76.94555555555556,
          -12.004722222222222
        ],
        [
          -76.94611111111111,
          -12.004722222222222
        ],
        [
          -76.94611111111111,
          -12.004444444444443
        ],
        [
          -76.94638888888889,
          -12.004444444444443
        ],
        [
          -76.94638888888889,
          -12.004166666666666
        ],
        [
          -76.94666666666667,
          -12.004166666666666
        ],
        [
          -76.94666666666667,
          -12.003888888888888
        ],
        [
          -76.94722222222222,
          -12.003888888888888
        ],
        [
          -76.94722222222222,
          -12.003333333333332
        ],
        [
          -76.9475,
          -12.003333333333332
        ],
        [
          -76.9475,
          -12.002777777777776
        ],
        [
          -76.94777777777777,
          -12.002777777777776
        ],
        [
          -76.94777777777777,
          -12.0025
        ],
        [
          -76.94805555555556,
          -12.0025
        ],
        [
          -76.94805555555556,
          -12.002222222222223
        ],
        [
          -76.94833333333334,
          -12.002222222222223
        ],
        [
          -76.94833333333334,
          -12.001944444444444
        ],
        [
          -76.9486111111111,
          -12.001944444444444
        ],
        [
          -76.9486111111111,
          -12.001666666666667
        ],
        [
          -76.94888888888889,
          -12.001666666666667
        ],
        [
          -76.94888888888889,
          -12.001388888888888
        ],
        [
          -76.94916666666667,
          -12.001388888888888
        ],
        [
          -76.94916666666667,
          -12.000277777777777
        ],
        [
          -76.94944444444445,
          -12.000277777777777
        ],
        [
          -76.94944444444445,
          -11.999444444444444
        ],
        [
          -76.94972222222222,
          -11.999444444444444
        ],
        [
          -76.94972222222222,
          -11.998888888888889
        ],
        [
          -76.95,
          -11.998888888888889
        ],
        [
          -76.95,
          -11.99861111111111
        ],
        [
          -76.95194444444445,
          -11.99861111111111
        ],
        [
          -76.95194444444445,
          -11.999166666666666
        ],
        [
          -76.9525,
          -11.999166666666666
        ],
        [
          -76.9525,
          -11.999444444444444
        ],
        [
          -76.95305555555555,
          -11.999444444444444
        ],
        [
          -76.95305555555555,
          -11.999722222222221
        ],
        [
          -76.95333333333333,
          -11.999722222222221
        ],
        [
          -76.95333333333333,
          -11.999444444444444
        ],
        [
          -76.95361111111112,
          -11.999444444444444
        ],
        [
          -76.95361111111112,
          -11.999166666666666
        ],
        [
          -76.95416666666667,
          -11.999166666666666
        ],
        [
          -76.95416666666667,
          -11.998888888888889
        ],
        [
          -76.95444444444445,
          -11.998888888888889
        ],
        [
          -76.95444444444445,
          -11.99861111111111
        ],
        [
          -76.95472222222223,
          -11.99861111111111
        ],
        [
          -76.95472222222223,
          -11.998333333333333
        ],
        [
          -76.955,
          -11.998333333333333
        ],
        [
          -76.955,
          -11.998055555555554
        ],
        [
          -76.95527777777778,
          -11.998055555555554
        ],
        [
          -76.95527777777778,
          -11.997777777777777
        ],
        [
          -76.95583333333333,
          -11.997777777777777
        ],
        [
          -76.95583333333333,
          -11.997499999999999
        ],
        [
          -76.9563888888889,
          -11.997499999999999
        ],
        [
          -76.9563888888889,
          -11.997222222222222
        ],
        [
          -76.95694444444445,
          -11.997222222222222
        ],
        [
          -76.95694444444445,
          -11.997499999999999
        ],
        [
          -76.95972222222223,
          -11.997499999999999
        ],
        [
          -76.95972222222223,
          -11.997222222222222
        ],
        [
          -76.96000000000001,
          -11.997222222222222
        ],
        [
          -76.96000000000001,
          -11.996944444444445
        ],
        [
          -76.96027777777778,
          -11.996944444444445
        ],
        [
          -76.96027777777778,
          -11.996666666666666
        ],
        [
          -76.96055555555556,
          -11.996666666666666
        ],
        [
          -76.96055555555556,
          -11.99638888888889
        ],
        [
          -76.96083333333334,
          -11.99638888888889
        ],
        [
          -76.96083333333334,
          -11.995833333333334
        ],
        [
          -76.96111111111111,
          -11.995833333333334
        ],
        [
          -76.96111111111111,
          -11.995555555555555
        ],
        [
          -76.96166666666667,
          -11.995555555555555
        ],
        [
          -76.96166666666667,
          -11.995277777777778
        ],
        [
          -76.96222222222222,
          -11.995277777777778
        ],
        [
          -76.96222222222222,
          -11.995555555555555
        ],
        [
          -76.9625,
          -11.995555555555555
        ],
        [
          -76.9625,
          -11.995277777777778
        ],
        [
          -76.965,
          -11.995277777777778
        ],
        [
          -76.965,
          -11.995
        ],
        [
          -76.96611111111112,
          -11.995
        ],
        [
          -76.96611111111112,
          -11.994722222222222
        ],
        [
          -76.96638888888889,
          -11.994722222222222
        ],
        [
          -76.96638888888889,
          -11.993888888888888
        ],
        [
          -76.96666666666667,
          -11.993888888888888
        ],
        [
          -76.96666666666667,
          -11.993611111111111
        ],
        [
          -76.96694444444445,
          -11.993611111111111
        ],
        [
          -76.96694444444445,
          -11.993333333333332
        ],
        [
          -76.96722222222222,
          -11.993333333333332
        ],
        [
          -76.96722222222222,
          -11.993055555555555
        ],
        [
          -76.9675,
          -11.993055555555555
        ],
        [
          -76.9675,
          -11.992777777777777
        ],
        [
          -76.96722222222222,
          -11.992777777777777
        ],
        [
          -76.96722222222222,
          -11.9925
        ],
        [
          -76.96694444444445,
          -11.9925
        ],
        [
          -76.96694444444445,
          -11.991944444444444
        ],
        [
          -76.96666666666667,
          -11.991944444444444
        ],
        [
          -76.96666666666667,
          -11.991388888888888
        ],
        [
          -76.96638888888889,
          -11.991388888888888
        ],
        [
          -76.96638888888889,
          -11.99111111111111
        ],
        [
          -76.96611111111112,
          -11.99111111111111
        ],
        [
          -76.96611111111112,
          -11.990833333333333
        ],
        [
          -76.96583333333334,
          -11.990833333333333
        ],
        [
          -76.96583333333334,
          -11.989722222222222
        ],
        [
          -76.96555555555555,
          -11.989722222222222
        ],
        [
          -76.96555555555555,
          -11.989444444444445
        ],
        [
          -76.96527777777779,
          -11.989444444444445
        ],
        [
          -76.96527777777779,
          -11.98861111111111
        ],
        [
          -76.965,
          -11.98861111111111
        ],
        [
          -76.965,
          -11.988333333333333
        ],
        [
          -76.96416666666667,
          -11.988333333333333
        ],
        [
          -76.96416666666667,
          -11.988055555555555
        ],
        [
          -76.96388888888889,
          -11.988055555555555
        ],
        [
          -76.96388888888889,
          -11.98611111111111
        ],
        [
          -76.9636111111111,
          -11.98611111111111
        ],
        [
          -76.9636111111111,
          -11.985833333333332
        ],
        [
          -76.96333333333334,
          -11.985833333333332
        ],
        [
          -76.96333333333334,
          -11.984722222222222
        ],
        [
          -76.96305555555556,
          -11.984722222222222
        ],
        [
          -76.96305555555556,
          -11.984444444444444
        ],
        [
          -76.96277777777777,
          -11.984444444444444
        ],
        [
          -76.96277777777777,
          -11.984166666666667
        ],
        [
          -76.9625,
          -11.984166666666667
        ],
        [
          -76.9625,
          -11.983333333333333
        ],
        [
          -76.96222222222222,
          -11.983333333333333
        ],
        [
          -76.96222222222222,
          -11.982777777777777
        ],
        [
          -76.96194444444444,
          -11.982777777777777
        ],
        [
          -76.96194444444444,
          -11.9825
        ],
        [
          -76.96166666666667,
          -11.9825
        ],
        [
          -76.96166666666667,
          -11.982222222222221
        ],
        [
          -76.96138888888889,
          -11.982222222222221
        ],
        [
          -76.96138888888889,
          -11.981944444444444
        ],
        [
          -76.96111111111111,
          -11.981944444444444
        ],
        [
          -76.96111111111111,
          -11.981666666666666
        ],
        [
          -76.96083333333334,
          -11.981666666666666
        ],
        [
          -76.96083333333334,
          -11.981388888888889
        ],
        [
          -76.96055555555556,
          -11.981388888888889
        ],
        [
          -76.96055555555556,
          -11.980833333333333
        ],
        [
          -76.96027777777778,
          -11.980833333333333
        ],
        [
          -76.96027777777778,
          -11.980555555555554
        ],
        [
          -76.96000000000001,
          -11.980555555555554
        ],
        [
          -76.96000000000001,
          -11.980277777777777
        ],
        [
          -76.95944444444444,
          -11.980277777777777
        ],
        [
          -76.95944444444444,
          -11.979999999999999
        ],
        [
          -76.95916666666666,
          -11.979999999999999
        ],
        [
          -76.95916666666666,
          -11.979722222222222
        ],
        [
          -76.9588888888889,
          -11.979722222222222
        ],
        [
          -76.9588888888889,
          -11.979444444444445
        ],
        [
          -76.95861111111111,
          -11.979444444444445
        ],
        [
          -76.95861111111111,
          -11.979166666666666
        ],
        [
          -76.9588888888889,
          -11.979166666666666
        ],
        [
          -76.9588888888889,
          -11.97861111111111
        ],
        [
          -76.95861111111111,
          -11.97861111111111
        ],
        [
          -76.95861111111111,
          -11.978055555555555
        ],
        [
          -76.95833333333333,
          -11.978055555555555
        ],
        [
          -76.95833333333333,
          -11.977777777777778
        ],
        [
          -76.95805555555556,
          -11.977777777777778
        ],
        [
          -76.95805555555556,
          -11.976388888888888
        ],
        [
          -76.95833333333333,
          -11.976388888888888
        ],
        [
          -76.95833333333333,
          -11.975833333333332
        ],
        [
          -76.95805555555556,
          -11.975833333333332
        ],
        [
          -76.95805555555556,
          -11.975555555555555
        ],
        [
          -76.95777777777778,
          -11.975555555555555
        ],
        [
          -76.95777777777778,
          -11.975277777777777
        ],
        [
          -76.95722222222223,
          -11.975277777777777
        ],
        [
          -76.95722222222223,
          -11.975
        ],
        [
          -76.95694444444445,
          -11.975
        ],
        [
          -76.95694444444445,
          -11.974722222222221
        ],
        [
          -76.95666666666666,
          -11.974722222222221
        ],
        [
          -76.95666666666666,
          -11.974166666666665
        ],
        [
          -76.9563888888889,
          -11.974166666666665
        ],
        [
          -76.9563888888889,
          -11.973888888888888
        ],
        [
          -76.95611111111111,
          -11.973888888888888
        ],
        [
          -76.95611111111111,
          -11.973611111111111
        ],
        [
          -76.95583333333333,
          -11.973611111111111
        ],
        [
          -76.95583333333333,
          -11.973333333333333
        ],
        [
          -76.95555555555556,
          -11.973333333333333
        ],
        [
          -76.95555555555556,
          -11.973055555555556
        ],
        [
          -76.955,
          -11.973055555555556
        ],
        [
          -76.955,
          -11.971388888888889
        ],
        [
          -76.95472222222223,
          -11.971388888888889
        ],
        [
          -76.95472222222223,
          -11.97111111111111
        ],
        [
          -76.95444444444445,
          -11.97111111111111
        ],
        [
          -76.95444444444445,
          -11.970833333333333
        ],
        [
          -76.95416666666667,
          -11.970833333333333
        ],
        [
          -76.95416666666667,
          -11.969999999999999
        ],
        [
          -76.95444444444445,
          -11.969999999999999
        ],
        [
          -76.95444444444445,
          -11.969722222222222
        ],
        [
          -76.95416666666667,
          -11.969722222222222
        ],
        [
          -76.95416666666667,
          -11.969166666666666
        ],
        [
          -76.95388888888888,
          -11.969166666666666
        ],
        [
          -76.95388888888888,
          -11.968888888888888
        ],
        [
          -76.95333333333333,
          -11.968888888888888
        ],
        [
          -76.95333333333333,
          -11.96861111111111
        ],
        [
          -76.95305555555555,
          -11.96861111111111
        ],
        [
          -76.95305555555555,
          -11.966944444444444
        ],
        [
          -76.95277777777778,
          -11.966944444444444
        ],
        [
          -76.95277777777778,
          -11.966666666666667
        ],
        [
          -76.9525,
          -11.966666666666667
        ],
        [
          -76.9525,
          -11.966111111111111
        ],
        [
          -76.95222222222222,
          -11.966111111111111
        ],
        [
          -76.95222222222222,
          -11.965555555555556
        ],
        [
          -76.95194444444445,
          -11.965555555555556
        ],
        [
          -76.95194444444445,
          -11.965
        ],
        [
          -76.95166666666667,
          -11.965
        ],
        [
          -76.95166666666667,
          -11.964722222222221
        ],
        [
          -76.95138888888889,
          -11.964722222222221
        ],
        [
          -76.95138888888889,
          -11.963888888888889
        ],
        [
          -76.95111111111112,
          -11.963888888888889
        ],
        [
          -76.95111111111112,
          -11.96111111111111
        ],
        [
          -76.95138888888889,
          -11.96111111111111
        ],
        [
          -76.95138888888889,
          -11.960555555555555
        ],
        [
          -76.95166666666667,
          -11.960555555555555
        ],
        [
          -76.95166666666667,
          -11.960277777777778
        ],
        [
          -76.95138888888889,
          -11.960277777777778
        ],
        [
          -76.95138888888889,
          -11.958055555555555
        ],
        [
          -76.95111111111112,
          -11.958055555555555
        ],
        [
          -76.95111111111112,
          -11.9575
        ],
        [
          -76.95083333333334,
          -11.9575
        ],
        [
          -76.95083333333334,
          -11.955833333333333
        ],
        [
          -76.95055555555555,
          -11.955833333333333
        ],
        [
          -76.95055555555555,
          -11.955
        ],
        [
          -76.95083333333334,
          -11.955
        ],
        [
          -76.95083333333334,
          -11.954444444444444
        ],
        [
          -76.95111111111112,
          -11.954444444444444
        ],
        [
          -76.95111111111112,
          -11.953888888888889
        ],
        [
          -76.95083333333334,
          -11.953888888888889
        ],
        [
          -76.95083333333334,
          -11.953333333333333
        ],
        [
          -76.95055555555555,
          -11.953333333333333
        ],
        [
          -76.95055555555555,
          -11.952777777777778
        ],
        [
          -76.95027777777779,
          -11.952777777777778
        ],
        [
          -76.95027777777779,
          -11.952222222222222
        ],
        [
          -76.94805555555556,
          -11.952222222222222
        ],
        [
          -76.94805555555556,
          -11.951944444444443
        ],
        [
          -76.9475,
          -11.951944444444443
        ],
        [
          -76.9475,
          -11.952222222222222
        ],
        [
          -76.94583333333334,
          -11.952222222222222
        ],
        [
          -76.94583333333334,
          -11.952499999999999
        ],
        [
          -76.94555555555556,
          -11.952499999999999
        ],
        [
          -76.94555555555556,
          -11.952777777777778
        ],
        [
          -76.94527777777778,
          -11.952777777777778
        ],
        [
          -76.94527777777778,
          -11.953055555555554
        ],
        [
          -76.94305555555556,
          -11.953055555555554
        ],
        [
          -76.94305555555556,
          -11.952777777777778
        ],
        [
          -76.9425,
          -11.952777777777778
        ],
        [
          -76.9425,
          -11.952499999999999
        ],
        [
          -76.94194444444445,
          -11.952499999999999
        ],
        [
          -76.94194444444445,
          -11.952222222222222
        ],
        [
          -76.9413888888889,
          -11.952222222222222
        ],
        [
          -76.9413888888889,
          -11.951944444444443
        ],
        [
          -76.94027777777778,
          -11.951944444444443
        ],
        [
          -76.94027777777778,
          -11.951666666666666
        ],
        [
          -76.94,
          -11.951666666666666
        ],
        [
          -76.94,
          -11.950833333333334
        ],
        [
          -76.93972222222223,
          -11.950833333333334
        ],
        [
          -76.93972222222223,
          -11.950277777777778
        ],
        [
          -76.93944444444445,
          -11.950277777777778
        ],
        [
          -76.93944444444445,
          -11.949722222222222
        ],
        [
          -76.93916666666667,
          -11.949722222222222
        ],
        [
          -76.93916666666667,
          -11.949444444444444
        ],
        [
          -76.9388888888889,
          -11.949444444444444
        ],
        [
          -76.9388888888889,
          -11.949166666666667
        ],
        [
          -76.93861111111111,
          -11.949166666666667
        ],
        [
          -76.93861111111111,
          -11.948611111111111
        ],
        [
          -76.93833333333333,
          -11.948611111111111
        ],
        [
          -76.93833333333333,
          -11.948333333333332
        ],
        [
          -76.93805555555555,
          -11.948333333333332
        ],
        [
          -76.93805555555555,
          -11.948055555555555
        ],
        [
          -76.93777777777778,
          -11.948055555555555
        ],
        [
          -76.93777777777778,
          -11.947777777777777
        ],
        [
          -76.9375,
          -11.947777777777777
        ],
        [
          -76.9375,
          -11.9475
        ],
        [
          -76.93694444444445,
          -11.9475
        ],
        [
          -76.93694444444445,
          -11.947222222222221
        ],
        [
          -76.93638888888889,
          -11.947222222222221
        ],
        [
          -76.93638888888889,
          -11.946944444444444
        ],
        [
          -76.93472222222222,
          -11.946944444444444
        ],
        [
          -76.93472222222222,
          -11.946666666666665
        ],
        [
          -76.93388888888889,
          -11.946666666666665
        ],
        [
          -76.93388888888889,
          -11.946388888888889
        ],
        [
          -76.9336111111111,
          -11.946388888888889
        ],
        [
          -76.9336111111111,
          -11.94611111111111
        ],
        [
          -76.93333333333334,
          -11.94611111111111
        ],
        [
          -76.93333333333334,
          -11.945833333333333
        ],
        [
          -76.93305555555555,
          -11.945833333333333
        ],
        [
          -76.93305555555555,
          -11.945555555555554
        ],
        [
          -76.93277777777777,
          -11.945555555555554
        ],
        [
          -76.93277777777777,
          -11.944722222222222
        ],
        [
          -76.9325,
          -11.944722222222222
        ],
        [
          -76.9325,
          -11.944166666666666
        ],
        [
          -76.93222222222222,
          -11.944166666666666
        ],
        [
          -76.93222222222222,
          -11.942777777777778
        ],
        [
          -76.93194444444444,
          -11.942777777777778
        ],
        [
          -76.93194444444444,
          -11.942499999999999
        ],
        [
          -76.93138888888889,
          -11.942499999999999
        ],
        [
          -76.93138888888889,
          -11.942222222222222
        ],
        [
          -76.93083333333334,
          -11.942222222222222
        ],
        [
          -76.93083333333334,
          -11.941944444444443
        ],
        [
          -76.93055555555556,
          -11.941944444444443
        ],
        [
          -76.93055555555556,
          -11.941388888888888
        ],
        [
          -76.93027777777777,
          -11.941388888888888
        ],
        [
          -76.93027777777777,
          -11.94111111111111
        ],
        [
          -76.93,
          -11.94111111111111
        ],
        [
          -76.93,
          -11.940555555555555
        ],
        [
          -76.92972222222222,
          -11.940555555555555
        ],
        [
          -76.92972222222222,
          -11.937222222222221
        ],
        [
          -76.93,
          -11.937222222222221
        ],
        [
          -76.93,
          -11.936944444444444
        ],
        [
          -76.93027777777777,
          -11.936944444444444
        ],
        [
          -76.93027777777777,
          -11.936666666666666
        ],
        [
          -76.93,
          -11.936666666666666
        ],
        [
          -76.93,
          -11.936388888888889
        ],
        [
          -76.92972222222222,
          -11.936388888888889
        ],
        [
          -76.92972222222222,
          -11.93611111111111
        ],
        [
          -76.92944444444444,
          -11.93611111111111
        ],
        [
          -76.92944444444444,
          -11.935833333333333
        ],
        [
          -76.92888888888889,
          -11.935833333333333
        ],
        [
          -76.92888888888889,
          -11.935555555555554
        ],
        [
          -76.92861111111111,
          -11.935555555555554
        ],
        [
          -76.92861111111111,
          -11.934722222222222
        ],
        [
          -76.92805555555556,
          -11.934722222222222
        ],
        [
          -76.92805555555556,
          -11.934444444444443
        ],
        [
          -76.92777777777778,
          -11.934444444444443
        ],
        [
          -76.92777777777778,
          -11.934166666666666
        ],
        [
          -76.92722222222223,
          -11.934166666666666
        ],
        [
          -76.92722222222223,
          -11.93388888888889
        ],
        [
          -76.92694444444444,
          -11.93388888888889
        ],
        [
          -76.92694444444444,
          -11.93361111111111
        ],
        [
          -76.9263888888889,
          -11.93361111111111
        ],
        [
          -76.9263888888889,
          -11.933333333333334
        ],
        [
          -76.92611111111111,
          -11.933333333333334
        ],
        [
          -76.92611111111111,
          -11.933055555555555
        ],
        [
          -76.92527777777778,
          -11.933055555555555
        ],
        [
          -76.92527777777778,
          -11.9325
        ],
        [
          -76.92472222222223,
          -11.9325
        ],
        [
          -76.92472222222223,
          -11.932222222222222
        ],
        [
          -76.92361111111111,
          -11.932222222222222
        ],
        [
          -76.92361111111111,
          -11.931944444444444
        ],
        [
          -76.92305555555555,
          -11.931944444444444
        ],
        [
          -76.92305555555555,
          -11.931666666666667
        ],
        [
          -76.9225,
          -11.931666666666667
        ],
        [
          -76.9225,
          -11.931388888888888
        ],
        [
          -76.92111111111112,
          -11.931388888888888
        ],
        [
          -76.92111111111112,
          -11.931111111111111
        ],
        [
          -76.92,
          -11.931111111111111
        ],
        [
          -76.92,
          -11.930833333333332
        ],
        [
          -76.91944444444445,
          -11.930833333333332
        ],
        [
          -76.91944444444445,
          -11.930555555555555
        ],
        [
          -76.91916666666667,
          -11.930555555555555
        ],
        [
          -76.91916666666667,
          -11.930277777777777
        ],
        [
          -76.91861111111112,
          -11.930277777777777
        ],
        [
          -76.91861111111112,
          -11.929722222222221
        ],
        [
          -76.91833333333334,
          -11.929722222222221
        ],
        [
          -76.91833333333334,
          -11.929444444444444
        ],
        [
          -76.91777777777777,
          -11.929444444444444
        ],
        [
          -76.91777777777777,
          -11.929166666666665
        ],
        [
          -76.91722222222222,
          -11.929166666666665
        ],
        [
          -76.91722222222222,
          -11.928333333333333
        ],
        [
          -76.91694444444444,
          -11.928333333333333
        ],
        [
          -76.91694444444444,
          -11.928055555555556
        ],
        [
          -76.91638888888889,
          -11.928055555555556
        ],
        [
          -76.91638888888889,
          -11.927777777777777
        ],
        [
          -76.9161111111111,
          -11.927777777777777
        ],
        [
          -76.9161111111111,
          -11.9275
        ],
        [
          -76.91583333333334,
          -11.9275
        ],
        [
          -76.91583333333334,
          -11.927222222222222
        ],
        [
          -76.91555555555556,
          -11.927222222222222
        ],
        [
          -76.91555555555556,
          -11.926944444444445
        ],
        [
          -76.91527777777777,
          -11.926944444444445
        ],
        [
          -76.91527777777777,
          -11.926666666666666
        ],
        [
          -76.915,
          -11.926666666666666
        ],
        [
          -76.915,
          -11.926388888888889
        ],
        [
          -76.91472222222222,
          -11.926388888888889
        ],
        [
          -76.91472222222222,
          -11.92611111111111
        ],
        [
          -76.91444444444444,
          -11.92611111111111
        ],
        [
          -76.91444444444444,
          -11.924999999999999
        ],
        [
          -76.915,
          -11.924999999999999
        ],
        [
          -76.915,
          -11.923888888888888
        ],
        [
          -76.91527777777777,
          -11.923888888888888
        ],
        [
          -76.91527777777777,
          -11.92361111111111
        ],
        [
          -76.91555555555556,
          -11.92361111111111
        ],
        [
          -76.91555555555556,
          -11.923333333333332
        ],
        [
          -76.91583333333334,
          -11.923333333333332
        ],
        [
          -76.91583333333334,
          -11.922777777777778
        ],
        [
          -76.9161111111111,
          -11.922777777777778
        ],
        [
          -76.9161111111111,
          -11.9225
        ],
        [
          -76.91638888888889,
          -11.9225
        ],
        [
          -76.91638888888889,
          -11.922222222222222
        ],
        [
          -76.91666666666667,
          -11.922222222222222
        ],
        [
          -76.91666666666667,
          -11.921944444444444
        ],
        [
          -76.91722222222222,
          -11.921944444444444
        ],
        [
          -76.91722222222222,
          -11.921666666666667
        ],
        [
          -76.9175,
          -11.921666666666667
        ],
        [
          -76.9175,
          -11.921388888888888
        ],
        [
          -76.91777777777777,
          -11.921388888888888
        ],
        [
          -76.91777777777777,
          -11.921111111111111
        ],
        [
          -76.91805555555555,
          -11.921111111111111
        ],
        [
          -76.91805555555555,
          -11.920833333333333
        ],
        [
          -76.91833333333334,
          -11.920833333333333
        ],
        [
          -76.91833333333334,
          -11.920277777777777
        ],
        [
          -76.91861111111112,
          -11.920277777777777
        ],
        [
          -76.91861111111112,
          -11.916666666666666
        ],
        [
          -76.91833333333334,
          -11.916666666666666
        ],
        [
          -76.91833333333334,
          -11.91638888888889
        ],
        [
          -76.91805555555555,
          -11.91638888888889
        ],
        [
          -76.91805555555555,
          -11.91611111111111
        ],
        [
          -76.9175,
          -11.91611111111111
        ],
        [
          -76.9175,
          -11.915833333333333
        ],
        [
          -76.91722222222222,
          -11.915833333333333
        ],
        [
          -76.91722222222222,
          -11.914166666666667
        ],
        [
          -76.91694444444444,
          -11.914166666666667
        ],
        [
          -76.91694444444444,
          -11.912777777777777
        ],
        [
          -76.91722222222222,
          -11.912777777777777
        ],
        [
          -76.91722222222222,
          -11.911388888888888
        ],
        [
          -76.9175,
          -11.911388888888888
        ],
        [
          -76.9175,
          -11.910833333333333
        ],
        [
          -76.91777777777777,
          -11.910833333333333
        ],
        [
          -76.91777777777777,
          -11.909166666666666
        ],
        [
          -76.91805555555555,
          -11.909166666666666
        ],
        [
          -76.91805555555555,
          -11.908333333333333
        ],
        [
          -76.91777777777777,
          -11.908333333333333
        ],
        [
          -76.91777777777777,
          -11.907777777777778
        ],
        [
          -76.9175,
          -11.907777777777778
        ],
        [
          -76.9175,
          -11.906388888888888
        ],
        [
          -76.91777777777777,
          -11.906388888888888
        ],
        [
          -76.91777777777777,
          -11.90611111111111
        ],
        [
          -76.91805555555555,
          -11.90611111111111
        ],
        [
          -76.91805555555555,
          -11.905555555555555
        ],
        [
          -76.91833333333334,
          -11.905555555555555
        ],
        [
          -76.91833333333334,
          -11.905277777777778
        ],
        [
          -76.91805555555555,
          -11.905277777777778
        ],
        [
          -76.91805555555555,
          -11.905
        ],
        [
          -76.91777777777777,
          -11.905
        ],
        [
          -76.91777777777777,
          -11.904722222222222
        ],
        [
          -76.9175,
          -11.904722222222222
        ],
        [
          -76.9175,
          -11.904444444444444
        ],
        [
          -76.91722222222222,
          -11.904444444444444
        ],
        [
          -76.91722222222222,
          -11.904166666666667
        ],
        [
          -76.91694444444444,
          -11.904166666666667
        ],
        [
          -76.91694444444444,
          -11.903888888888888
        ],
        [
          -76.91666666666667,
          -11.903888888888888
        ],
        [
          -76.91666666666667,
          -11.903055555555556
        ],
        [
          -76.91638888888889,
          -11.903055555555556
        ],
        [
          -76.91638888888889,
          -11.901944444444444
        ],
        [
          -76.9161111111111,
          -11.901944444444444
        ],
        [
          -76.9161111111111,
          -11.901666666666666
        ],
        [
          -76.91583333333334,
          -11.901666666666666
        ],
        [
          -76.91583333333334,
          -11.901388888888889
        ],
        [
          -76.91555555555556,
          -11.901388888888889
        ],
        [
          -76.91555555555556,
          -11.90111111111111
        ],
        [
          -76.91527777777777,
          -11.90111111111111
        ],
        [
          -76.91527777777777,
          -11.900833333333333
        ],
        [
          -76.915,
          -11.900833333333333
        ],
        [
          -76.915,
          -11.9
        ],
        [
          -76.91472222222222,
          -11.9
        ],
        [
          -76.91472222222222,
          -11.898055555555555
        ],
        [
          -76.91444444444444,
          -11.898055555555555
        ],
        [
          -76.91444444444444,
          -11.895555555555555
        ],
        [
          -76.91416666666667,
          -11.895555555555555
        ],
        [
          -76.91416666666667,
          -11.89472222222222
        ],
        [
          -76.91388888888889,
          -11.89472222222222
        ],
        [
          -76.91388888888889,
          -11.893888888888888
        ],
        [
          -76.91416666666667,
          -11.893888888888888
        ],
        [
          -76.91416666666667,
          -11.891666666666666
        ],
        [
          -76.91388888888889,
          -11.891666666666666
        ],
        [
          -76.91388888888889,
          -11.891388888888889
        ],
        [
          -76.91361111111111,
          -11.891388888888889
        ],
        [
          -76.91361111111111,
          -11.889722222222222
        ],
        [
          -76.91333333333334,
          -11.889722222222222
        ],
        [
          -76.91333333333334,
          -11.888333333333334
        ],
        [
          -76.91277777777778,
          -11.888333333333334
        ],
        [
          -76.91277777777778,
          -11.888055555555555
        ],
        [
          -76.90944444444445,
          -11.888055555555555
        ],
        [
          -76.90944444444445,
          -11.887777777777778
        ],
        [
          -76.90861111111111,
          -11.887777777777778
        ],
        [
          -76.90861111111111,
          -11.8875
        ],
        [
          -76.90833333333333,
          -11.8875
        ],
        [
          -76.90833333333333,
          -11.887222222222222
        ],
        [
          -76.90777777777778,
          -11.887222222222222
        ],
        [
          -76.90777777777778,
          -11.886944444444444
        ],
        [
          -76.90638888888888,
          -11.886944444444444
        ],
        [
          -76.90638888888888,
          -11.886666666666667
        ],
        [
          -76.905,
          -11.886666666666667
        ],
        [
          -76.905,
          -11.886944444444444
        ],
        [
          -76.90444444444445,
          -11.886944444444444
        ],
        [
          -76.90444444444445,
          -11.886666666666667
        ],
        [
          -76.90388888888889,
          -11.886666666666667
        ],
        [
          -76.90388888888889,
          -11.886111111111111
        ],
        [
          -76.90361111111112,
          -11.886111111111111
        ],
        [
          -76.90361111111112,
          -11.885277777777777
        ],
        [
          -76.90333333333334,
          -11.885277777777777
        ],
        [
          -76.90333333333334,
          -11.885
        ],
        [
          -76.90305555555555,
          -11.885
        ],
        [
          -76.90305555555555,
          -11.884444444444444
        ],
        [
          -76.90277777777779,
          -11.884444444444444
        ],
        [
          -76.90277777777779,
          -11.884166666666665
        ],
        [
          -76.9025,
          -11.884166666666665
        ],
        [
          -76.9025,
          -11.883888888888889
        ],
        [
          -76.90222222222222,
          -11.883888888888889
        ],
        [
          -76.90222222222222,
          -11.88361111111111
        ],
        [
          -76.90194444444444,
          -11.88361111111111
        ],
        [
          -76.90194444444444,
          -11.883333333333333
        ],
        [
          -76.90166666666667,
          -11.883333333333333
        ],
        [
          -76.90166666666667,
          -11.883055555555556
        ],
        [
          -76.90138888888889,
          -11.883055555555556
        ],
        [
          -76.90138888888889,
          -11.882777777777777
        ],
        [
          -76.90055555555556,
          -11.882777777777777
        ],
        [
          -76.90055555555556,
          -11.883055555555556
        ],
        [
          -76.89972222222222,
          -11.883055555555556
        ],
        [
          -76.89972222222222,
          -11.882777777777777
        ],
        [
          -76.89888888888889,
          -11.882777777777777
        ],
        [
          -76.89888888888889,
          -11.8825
        ],
        [
          -76.89861111111111,
          -11.8825
        ],
        [
          -76.89861111111111,
          -11.882222222222222
        ],
        [
          -76.89833333333334,
          -11.882222222222222
        ],
        [
          -76.89833333333334,
          -11.881944444444445
        ],
        [
          -76.89777777777778,
          -11.881944444444445
        ],
        [
          -76.89777777777778,
          -11.879722222222222
        ],
        [
          -76.89750000000001,
          -11.879722222222222
        ],
        [
          -76.89750000000001,
          -11.879444444444443
        ],
        [
          -76.89722222222223,
          -11.879444444444443
        ],
        [
          -76.89722222222223,
          -11.87861111111111
        ],
        [
          -76.89694444444444,
          -11.87861111111111
        ],
        [
          -76.89694444444444,
          -11.878333333333332
        ],
        [
          -76.89666666666666,
          -11.878333333333332
        ],
        [
          -76.89666666666666,
          -11.8775
        ],
        [
          -76.89722222222223,
          -11.8775
        ],
        [
          -76.89722222222223,
          -11.876944444444444
        ],
        [
          -76.89750000000001,
          -11.876944444444444
        ],
        [
          -76.89750000000001,
          -11.875555555555556
        ],
        [
          -76.89777777777778,
          -11.875555555555556
        ],
        [
          -76.89777777777778,
          -11.871944444444443
        ],
        [
          -76.89750000000001,
          -11.871944444444443
        ],
        [
          -76.89750000000001,
          -11.871666666666666
        ],
        [
          -76.89722222222223,
          -11.871666666666666
        ],
        [
          -76.89722222222223,
          -11.87138888888889
        ],
        [
          -76.89694444444444,
          -11.87138888888889
        ],
        [
          -76.89694444444444,
          -11.868055555555555
        ],
        [
          -76.89666666666666,
          -11.868055555555555
        ],
        [
          -76.89666666666666,
          -11.867222222222221
        ],
        [
          -76.8963888888889,
          -11.867222222222221
        ],
        [
          -76.8963888888889,
          -11.866944444444444
        ],
        [
          -76.89611111111111,
          -11.866944444444444
        ],
        [
          -76.89611111111111,
          -11.866666666666665
        ],
        [
          -76.8963888888889,
          -11.866666666666665
        ],
        [
          -76.8963888888889,
          -11.866388888888888
        ],
        [
          -76.89611111111111,
          -11.866388888888888
        ],
        [
          -76.89611111111111,
          -11.86611111111111
        ],
        [
          -76.89583333333333,
          -11.86611111111111
        ],
        [
          -76.89583333333333,
          -11.865833333333333
        ],
        [
          -76.89527777777778,
          -11.865833333333333
        ],
        [
          -76.89527777777778,
          -11.865555555555556
        ],
        [
          -76.895,
          -11.865555555555556
        ],
        [
          -76.895,
          -11.865
        ],
        [
          -76.89472222222223,
          -11.865
        ],
        [
          -76.89472222222223,
          -11.86361111111111
        ],
        [
          -76.89444444444445,
          -11.86361111111111
        ],
        [
          -76.89444444444445,
          -11.863055555555555
        ],
        [
          -76.89416666666666,
          -11.863055555555555
        ],
        [
          -76.89416666666666,
          -11.862499999999999
        ],
        [
          -76.89444444444445,
          -11.862499999999999
        ],
        [
          -76.89444444444445,
          -11.861666666666666
        ],
        [
          -76.89416666666666,
          -11.861666666666666
        ],
        [
          -76.89416666666666,
          -11.860555555555555
        ],
        [
          -76.8938888888889,
          -11.860555555555555
        ],
        [
          -76.8938888888889,
          -11.860277777777778
        ],
        [
          -76.89361111111111,
          -11.860277777777778
        ],
        [
          -76.89361111111111,
          -11.86
        ],
        [
          -76.89333333333333,
          -11.86
        ],
        [
          -76.89333333333333,
          -11.858611111111111
        ],
        [
          -76.89305555555556,
          -11.858611111111111
        ],
        [
          -76.89305555555556,
          -11.858055555555556
        ],
        [
          -76.89277777777778,
          -11.858055555555556
        ],
        [
          -76.89277777777778,
          -11.8575
        ],
        [
          -76.8925,
          -11.8575
        ],
        [
          -76.8925,
          -11.857222222222221
        ],
        [
          -76.89222222222223,
          -11.857222222222221
        ],
        [
          -76.89222222222223,
          -11.856944444444444
        ],
        [
          -76.89194444444445,
          -11.856944444444444
        ],
        [
          -76.89194444444445,
          -11.856666666666666
        ],
        [
          -76.89166666666667,
          -11.856666666666666
        ],
        [
          -76.89166666666667,
          -11.856388888888889
        ],
        [
          -76.89138888888888,
          -11.856388888888889
        ],
        [
          -76.89138888888888,
          -11.85611111111111
        ],
        [
          -76.89083333333333,
          -11.85611111111111
        ],
        [
          -76.89083333333333,
          -11.855833333333333
        ],
        [
          -76.89055555555555,
          -11.855833333333333
        ],
        [
          -76.89055555555555,
          -11.855555555555554
        ],
        [
          -76.88972222222222,
          -11.855555555555554
        ],
        [
          -76.88972222222222,
          -11.855277777777777
        ],
        [
          -76.88861111111112,
          -11.855277777777777
        ],
        [
          -76.88861111111112,
          -11.854999999999999
        ],
        [
          -76.88805555555555,
          -11.854999999999999
        ],
        [
          -76.88805555555555,
          -11.854722222222222
        ],
        [
          -76.8875,
          -11.854722222222222
        ],
        [
          -76.8875,
          -11.854444444444445
        ],
        [
          -76.88722222222222,
          -11.854444444444445
        ],
        [
          -76.88722222222222,
          -11.85388888888889
        ],
        [
          -76.88694444444445,
          -11.85388888888889
        ],
        [
          -76.88694444444445,
          -11.853333333333333
        ],
        [
          -76.88583333333334,
          -11.853333333333333
        ],
        [
          -76.88583333333334,
          -11.85361111111111
        ],
        [
          -76.88444444444444,
          -11.85361111111111
        ],
        [
          -76.88444444444444,
          -11.853333333333333
        ],
        [
          -76.88388888888889,
          -11.853333333333333
        ],
        [
          -76.88388888888889,
          -11.853055555555555
        ],
        [
          -76.88333333333334,
          -11.853055555555555
        ],
        [
          -76.88333333333334,
          -11.852777777777778
        ],
        [
          -76.88194444444444,
          -11.852777777777778
        ],
        [
          -76.88194444444444,
          -11.8525
        ],
        [
          -76.88138888888889,
          -11.8525
        ],
        [
          -76.88138888888889,
          -11.852222222222222
        ],
        [
          -76.88055555555556,
          -11.852222222222222
        ],
        [
          -76.88055555555556,
          -11.851944444444444
        ],
        [
          -76.87916666666666,
          -11.851944444444444
        ],
        [
          -76.87916666666666,
          -11.851666666666667
        ],
        [
          -76.8788888888889,
          -11.851666666666667
        ],
        [
          -76.8788888888889,
          -11.851111111111111
        ],
        [
          -76.87861111111111,
          -11.851111111111111
        ],
        [
          -76.87861111111111,
          -11.850833333333332
        ],
        [
          -76.87833333333333,
          -11.850833333333332
        ],
        [
          -76.87833333333333,
          -11.850555555555555
        ],
        [
          -76.8775,
          -11.850555555555555
        ],
        [
          -76.8775,
          -11.850277777777777
        ],
        [
          -76.87694444444445,
          -11.850277777777777
        ],
        [
          -76.87694444444445,
          -11.85
        ],
        [
          -76.87666666666667,
          -11.85
        ],
        [
          -76.87666666666667,
          -11.849722222222221
        ],
        [
          -76.8763888888889,
          -11.849722222222221
        ],
        [
          -76.8763888888889,
          -11.849444444444444
        ],
        [
          -76.87611111111111,
          -11.849444444444444
        ],
        [
          -76.87611111111111,
          -11.849166666666665
        ],
        [
          -76.87555555555555,
          -11.849166666666665
        ],
        [
          -76.87555555555555,
          -11.848611111111111
        ],
        [
          -76.875,
          -11.848611111111111
        ],
        [
          -76.875,
          -11.848333333333333
        ],
        [
          -76.87444444444445,
          -11.848333333333333
        ],
        [
          -76.87444444444445,
          -11.848055555555556
        ],
        [
          -76.87361111111112,
          -11.848055555555556
        ],
        [
          -76.87361111111112,
          -11.847777777777777
        ],
        [
          -76.87055555555555,
          -11.847777777777777
        ],
        [
          -76.87055555555555,
          -11.848055555555556
        ],
        [
          -76.86972222222222,
          -11.848055555555556
        ],
        [
          -76.86972222222222,
          -11.847777777777777
        ],
        [
          -76.86944444444444,
          -11.847777777777777
        ],
        [
          -76.86944444444444,
          -11.844999999999999
        ],
        [
          -76.86916666666667,
          -11.844999999999999
        ],
        [
          -76.86916666666667,
          -11.844444444444443
        ],
        [
          -76.86888888888889,
          -11.844444444444443
        ],
        [
          -76.86888888888889,
          -11.843888888888888
        ],
        [
          -76.86861111111111,
          -11.843888888888888
        ],
        [
          -76.86861111111111,
          -11.842777777777778
        ],
        [
          -76.86833333333334,
          -11.842777777777778
        ],
        [
          -76.86833333333334,
          -11.842222222222222
        ],
        [
          -76.86805555555556,
          -11.842222222222222
        ],
        [
          -76.86805555555556,
          -11.841944444444444
        ],
        [
          -76.86777777777777,
          -11.841944444444444
        ],
        [
          -76.86777777777777,
          -11.841666666666667
        ],
        [
          -76.8675,
          -11.841666666666667
        ],
        [
          -76.8675,
          -11.840833333333332
        ],
        [
          -76.86722222222222,
          -11.840833333333332
        ],
        [
          -76.86722222222222,
          -11.840555555555556
        ],
        [
          -76.86694444444444,
          -11.840555555555556
        ],
        [
          -76.86694444444444,
          -11.840277777777777
        ],
        [
          -76.86638888888889,
          -11.840277777777777
        ],
        [
          -76.86638888888889,
          -11.84
        ],
        [
          -76.86583333333333,
          -11.84
        ],
        [
          -76.86583333333333,
          -11.839722222222221
        ],
        [
          -76.86527777777778,
          -11.839722222222221
        ],
        [
          -76.86527777777778,
          -11.839444444444444
        ],
        [
          -76.865,
          -11.839444444444444
        ],
        [
          -76.865,
          -11.839166666666666
        ],
        [
          -76.86444444444444,
          -11.839166666666666
        ],
        [
          -76.86444444444444,
          -11.838888888888889
        ],
        [
          -76.86361111111111,
          -11.838888888888889
        ],
        [
          -76.86361111111111,
          -11.83861111111111
        ],
        [
          -76.86222222222223,
          -11.83861111111111
        ],
        [
          -76.86222222222223,
          -11.838888888888889
        ],
        [
          -76.8613888888889,
          -11.838888888888889
        ],
        [
          -76.8613888888889,
          -11.83861111111111
        ],
        [
          -76.86111111111111,
          -11.83861111111111
        ],
        [
          -76.86111111111111,
          -11.838055555555554
        ],
        [
          -76.86083333333333,
          -11.838055555555554
        ],
        [
          -76.86083333333333,
          -11.8375
        ],
        [
          -76.86055555555555,
          -11.8375
        ],
        [
          -76.86055555555555,
          -11.836944444444445
        ],
        [
          -76.86027777777778,
          -11.836944444444445
        ],
        [
          -76.86027777777778,
          -11.836666666666666
        ],
        [
          -76.85972222222222,
          -11.836666666666666
        ],
        [
          -76.85972222222222,
          -11.836388888888889
        ],
        [
          -76.85916666666667,
          -11.836388888888889
        ],
        [
          -76.85916666666667,
          -11.83611111111111
        ],
        [
          -76.85888888888888,
          -11.83611111111111
        ],
        [
          -76.85888888888888,
          -11.835833333333333
        ],
        [
          -76.85833333333333,
          -11.835833333333333
        ],
        [
          -76.85833333333333,
          -11.835555555555555
        ],
        [
          -76.85777777777778,
          -11.835555555555555
        ],
        [
          -76.85777777777778,
          -11.835277777777778
        ],
        [
          -76.8575,
          -11.835277777777778
        ],
        [
          -76.8575,
          -11.834999999999999
        ],
        [
          -76.85694444444445,
          -11.834999999999999
        ],
        [
          -76.85694444444445,
          -11.834722222222222
        ],
        [
          -76.85638888888889,
          -11.834722222222222
        ],
        [
          -76.85638888888889,
          -11.834444444444443
        ],
        [
          -76.85583333333334,
          -11.834444444444443
        ],
        [
          -76.85583333333334,
          -11.834166666666667
        ],
        [
          -76.85527777777777,
          -11.834166666666667
        ],
        [
          -76.85527777777777,
          -11.833888888888888
        ],
        [
          -76.855,
          -11.833888888888888
        ],
        [
          -76.855,
          -11.83361111111111
        ],
        [
          -76.85444444444444,
          -11.83361111111111
        ],
        [
          -76.85444444444444,
          -11.833333333333332
        ],
        [
          -76.85416666666667,
          -11.833333333333332
        ],
        [
          -76.85416666666667,
          -11.833055555555555
        ],
        [
          -76.85388888888889,
          -11.833055555555555
        ],
        [
          -76.85388888888889,
          -11.8325
        ],
        [
          -76.8536111111111,
          -11.8325
        ],
        [
          -76.8536111111111,
          -11.83222222222222
        ],
        [
          -76.85333333333334,
          -11.83222222222222
        ],
        [
          -76.85333333333334,
          -11.831944444444444
        ],
        [
          -76.85305555555556,
          -11.831944444444444
        ],
        [
          -76.85305555555556,
          -11.831666666666667
        ],
        [
          -76.85277777777777,
          -11.831666666666667
        ],
        [
          -76.85277777777777,
          -11.831388888888888
        ],
        [
          -76.85194444444444,
          -11.831388888888888
        ],
        [
          -76.85194444444444,
          -11.831111111111111
        ],
        [
          -76.85083333333334,
          -11.831111111111111
        ],
        [
          -76.85083333333334,
          -11.830833333333333
        ],
        [
          -76.85027777777778,
          -11.830833333333333
        ],
        [
          -76.85027777777778,
          -11.830555555555556
        ],
        [
          -76.84944444444444,
          -11.830555555555556
        ],
        [
          -76.84944444444444,
          -11.830277777777777
        ],
        [
          -76.84861111111111,
          -11.830277777777777
        ],
        [
          -76.84861111111111,
          -11.83
        ],
        [
          -76.84833333333333,
          -11.83
        ],
        [
          -76.84833333333333,
          -11.829722222222221
        ],
        [
          -76.84805555555556,
          -11.829722222222221
        ],
        [
          -76.84805555555556,
          -11.829444444444444
        ],
        [
          -76.8463888888889,
          -11.829444444444444
        ],
        [
          -76.8463888888889,
          -11.829166666666666
        ],
        [
          -76.84527777777778,
          -11.829166666666666
        ],
        [
          -76.84527777777778,
          -11.828888888888889
        ],
        [
          -76.84472222222222,
          -11.828888888888889
        ],
        [
          -76.84472222222222,
          -11.828055555555554
        ],
        [
          -76.845,
          -11.828055555555554
        ],
        [
          -76.845,
          -11.82638888888889
        ],
        [
          -76.84472222222222,
          -11.82638888888889
        ],
        [
          -76.84472222222222,
          -11.82611111111111
        ],
        [
          -76.84444444444445,
          -11.82611111111111
        ],
        [
          -76.84444444444445,
          -11.825833333333334
        ],
        [
          -76.84416666666667,
          -11.825833333333334
        ],
        [
          -76.84416666666667,
          -11.825
        ],
        [
          -76.84388888888888,
          -11.825
        ],
        [
          -76.84388888888888,
          -11.824444444444444
        ],
        [
          -76.84416666666667,
          -11.824444444444444
        ],
        [
          -76.84416666666667,
          -11.823888888888888
        ],
        [
          -76.84444444444445,
          -11.823888888888888
        ],
        [
          -76.84444444444445,
          -11.82111111111111
        ],
        [
          -76.84472222222222,
          -11.82111111111111
        ],
        [
          -76.84472222222222,
          -11.82
        ],
        [
          -76.84444444444445,
          -11.82
        ],
        [
          -76.84444444444445,
          -11.81861111111111
        ],
        [
          -76.84416666666667,
          -11.81861111111111
        ],
        [
          -76.84416666666667,
          -11.817777777777778
        ],
        [
          -76.84388888888888,
          -11.817777777777778
        ],
        [
          -76.84388888888888,
          -11.817222222222222
        ],
        [
          -76.84416666666667,
          -11.817222222222222
        ],
        [
          -76.84416666666667,
          -11.816944444444443
        ],
        [
          -76.84388888888888,
          -11.816944444444443
        ],
        [
          -76.84388888888888,
          -11.815277777777776
        ],
        [
          -76.84416666666667,
          -11.815277777777776
        ],
        [
          -76.84416666666667,
          -11.814166666666667
        ],
        [
          -76.84444444444445,
          -11.814166666666667
        ],
        [
          -76.84444444444445,
          -11.813055555555556
        ],
        [
          -76.84472222222222,
          -11.813055555555556
        ],
        [
          -76.84472222222222,
          -11.812777777777777
        ],
        [
          -76.845,
          -11.812777777777777
        ],
        [
          -76.845,
          -11.8125
        ],
        [
          -76.84527777777778,
          -11.8125
        ],
        [
          -76.84527777777778,
          -11.811944444444444
        ],
        [
          -76.84555555555556,
          -11.811944444444444
        ],
        [
          -76.84555555555556,
          -11.811388888888889
        ],
        [
          -76.84583333333333,
          -11.811388888888889
        ],
        [
          -76.84583333333333,
          -11.81111111111111
        ],
        [
          -76.84611111111111,
          -11.81111111111111
        ],
        [
          -76.84611111111111,
          -11.810555555555554
        ],
        [
          -76.8463888888889,
          -11.810555555555554
        ],
        [
          -76.8463888888889,
          -11.809166666666666
        ],
        [
          -76.84666666666666,
          -11.809166666666666
        ],
        [
          -76.84666666666666,
          -11.80888888888889
        ],
        [
          -76.84694444444445,
          -11.80888888888889
        ],
        [
          -76.84694444444445,
          -11.807777777777778
        ],
        [
          -76.84722222222223,
          -11.807777777777778
        ],
        [
          -76.84722222222223,
          -11.807222222222222
        ],
        [
          -76.8475,
          -11.807222222222222
        ],
        [
          -76.8475,
          -11.806944444444444
        ],
        [
          -76.84777777777778,
          -11.806944444444444
        ],
        [
          -76.84777777777778,
          -11.806388888888888
        ],
        [
          -76.84805555555556,
          -11.806388888888888
        ],
        [
          -76.84805555555556,
          -11.806111111111111
        ],
        [
          -76.84833333333333,
          -11.806111111111111
        ],
        [
          -76.84833333333333,
          -11.805555555555555
        ],
        [
          -76.84861111111111,
          -11.805555555555555
        ],
        [
          -76.84861111111111,
          -11.805277777777777
        ],
        [
          -76.8488888888889,
          -11.805277777777777
        ],
        [
          -76.8488888888889,
          -11.805
        ],
        [
          -76.84916666666666,
          -11.805
        ],
        [
          -76.84916666666666,
          -11.804722222222221
        ],
        [
          -76.84944444444444,
          -11.804722222222221
        ],
        [
          -76.84944444444444,
          -11.803333333333333
        ],
        [
          -76.84916666666666,
          -11.803333333333333
        ],
        [
          -76.84916666666666,
          -11.800833333333333
        ],
        [
          -76.84944444444444,
          -11.800833333333333
        ],
        [
          -76.84944444444444,
          -11.800277777777778
        ],
        [
          -76.85,
          -11.800277777777778
        ],
        [
          -76.85,
          -11.799999999999999
        ],
        [
          -76.85027777777778,
          -11.799999999999999
        ],
        [
          -76.85027777777778,
          -11.799722222222222
        ],
        [
          -76.85055555555556,
          -11.799722222222222
        ],
        [
          -76.85055555555556,
          -11.799166666666666
        ],
        [
          -76.85083333333334,
          -11.799166666666666
        ],
        [
          -76.85083333333334,
          -11.798333333333332
        ],
        [
          -76.85111111111111,
          -11.798333333333332
        ],
        [
          -76.85111111111111,
          -11.7975
        ],
        [
          -76.85055555555556,
          -11.7975
        ],
        [
          -76.85055555555556,
          -11.797222222222222
        ],
        [
          -76.85027777777778,
          -11.797222222222222
        ],
        [
          -76.85027777777778,
          -11.796944444444444
        ],
        [
          -76.85,
          -11.796944444444444
        ],
        [
          -76.85,
          -11.796666666666667
        ],
        [
          -76.84972222222223,
          -11.796666666666667
        ],
        [
          -76.84972222222223,
          -11.795
        ],
        [
          -76.84944444444444,
          -11.795
        ],
        [
          -76.84944444444444,
          -11.794444444444444
        ],
        [
          -76.84916666666666,
          -11.794444444444444
        ],
        [
          -76.84916666666666,
          -11.794166666666666
        ],
        [
          -76.8488888888889,
          -11.794166666666666
        ],
        [
          -76.8488888888889,
          -11.793888888888889
        ],
        [
          -76.84833333333333,
          -11.793888888888889
        ],
        [
          -76.84833333333333,
          -11.79361111111111
        ],
        [
          -76.84805555555556,
          -11.79361111111111
        ],
        [
          -76.84805555555556,
          -11.793333333333333
        ],
        [
          -76.8475,
          -11.793333333333333
        ],
        [
          -76.8475,
          -11.793055555555554
        ],
        [
          -76.84722222222223,
          -11.793055555555554
        ],
        [
          -76.84722222222223,
          -11.792499999999999
        ],
        [
          -76.84694444444445,
          -11.792499999999999
        ],
        [
          -76.84694444444445,
          -11.791666666666666
        ],
        [
          -76.84666666666666,
          -11.791666666666666
        ],
        [
          -76.84666666666666,
          -11.79138888888889
        ],
        [
          -76.84611111111111,
          -11.79138888888889
        ],
        [
          -76.84611111111111,
          -11.79111111111111
        ],
        [
          -76.84583333333333,
          -11.79111111111111
        ],
        [
          -76.84583333333333,
          -11.790833333333333
        ],
        [
          -76.84555555555556,
          -11.790833333333333
        ],
        [
          -76.84555555555556,
          -11.789722222222222
        ],
        [
          -76.84527777777778,
          -11.789722222222222
        ],
        [
          -76.84527777777778,
          -11.788611111111111
        ],
        [
          -76.845,
          -11.788611111111111
        ],
        [
          -76.845,
          -11.788333333333332
        ],
        [
          -76.84472222222222,
          -11.788333333333332
        ],
        [
          -76.84472222222222,
          -11.787222222222221
        ],
        [
          -76.84444444444445,
          -11.787222222222221
        ],
        [
          -76.84444444444445,
          -11.786666666666665
        ],
        [
          -76.84416666666667,
          -11.786666666666665
        ],
        [
          -76.84416666666667,
          -11.786111111111111
        ],
        [
          -76.84388888888888,
          -11.786111111111111
        ],
        [
          -76.84388888888888,
          -11.785833333333333
        ],
        [
          -76.84361111111112,
          -11.785833333333333
        ],
        [
          -76.84361111111112,
          -11.785555555555556
        ],
        [
          -76.84333333333333,
          -11.785555555555556
        ],
        [
          -76.84333333333333,
          -11.785277777777777
        ],
        [
          -76.84305555555555,
          -11.785277777777777
        ],
        [
          -76.84305555555555,
          -11.784722222222221
        ],
        [
          -76.84277777777778,
          -11.784722222222221
        ],
        [
          -76.84277777777778,
          -11.784444444444444
        ],
        [
          -76.84166666666667,
          -11.784444444444444
        ],
        [
          -76.84166666666667,
          -11.784166666666666
        ],
        [
          -76.84111111111112,
          -11.784166666666666
        ],
        [
          -76.84111111111112,
          -11.783888888888889
        ],
        [
          -76.84055555555555,
          -11.783888888888889
        ],
        [
          -76.84055555555555,
          -11.78361111111111
        ],
        [
          -76.84027777777779,
          -11.78361111111111
        ],
        [
          -76.84027777777779,
          -11.783333333333333
        ],
        [
          -76.83972222222222,
          -11.783333333333333
        ],
        [
          -76.83972222222222,
          -11.783055555555555
        ],
        [
          -76.83944444444444,
          -11.783055555555555
        ],
        [
          -76.83944444444444,
          -11.782777777777778
        ],
        [
          -76.83916666666667,
          -11.782777777777778
        ],
        [
          -76.83916666666667,
          -11.782499999999999
        ],
        [
          -76.83888888888889,
          -11.782499999999999
        ],
        [
          -76.83888888888889,
          -11.782222222222222
        ],
        [
          -76.8386111111111,
          -11.782222222222222
        ],
        [
          -76.8386111111111,
          -11.781944444444443
        ],
        [
          -76.83805555555556,
          -11.781944444444443
        ],
        [
          -76.83805555555556,
          -11.781666666666666
        ],
        [
          -76.83777777777777,
          -11.781666666666666
        ],
        [
          -76.83777777777777,
          -11.781388888888888
        ],
        [
          -76.8375,
          -11.781388888888888
        ],
        [
          -76.8375,
          -11.78111111111111
        ],
        [
          -76.83722222222222,
          -11.78111111111111
        ],
        [
          -76.83722222222222,
          -11.780555555555555
        ],
        [
          -76.83666666666667,
          -11.780555555555555
        ],
        [
          -76.83666666666667,
          -11.78
        ],
        [
          -76.83638888888889,
          -11.78
        ],
        [
          -76.83638888888889,
          -11.779444444444444
        ],
        [
          -76.83555555555556,
          -11.779444444444444
        ],
        [
          -76.83555555555556,
          -11.779166666666667
        ],
        [
          -76.83527777777778,
          -11.779166666666667
        ],
        [
          -76.83527777777778,
          -11.778888888888888
        ],
        [
          -76.83222222222223,
          -11.778888888888888
        ],
        [
          -76.83222222222223,
          -11.778611111111111
        ],
        [
          -76.83055555555556,
          -11.778611111111111
        ],
        [
          -76.83055555555556,
          -11.778333333333332
        ],
        [
          -76.82972222222223,
          -11.778333333333332
        ],
        [
          -76.82972222222223,
          -11.778055555555556
        ],
        [
          -76.82916666666667,
          -11.778055555555556
        ],
        [
          -76.82916666666667,
          -11.777777777777777
        ],
        [
          -76.82805555555555,
          -11.777777777777777
        ],
        [
          -76.82805555555555,
          -11.775555555555554
        ],
        [
          -76.8275,
          -11.775555555555554
        ],
        [
          -76.8275,
          -11.775277777777777
        ],
        [
          -76.82555555555555,
          -11.775277777777777
        ],
        [
          -76.82555555555555,
          -11.775
        ],
        [
          -76.82527777777779,
          -11.775
        ],
        [
          -76.82527777777779,
          -11.774722222222222
        ],
        [
          -76.82444444444445,
          -11.774722222222222
        ],
        [
          -76.82444444444445,
          -11.774444444444445
        ],
        [
          -76.82277777777777,
          -11.774444444444445
        ],
        [
          -76.82277777777777,
          -11.774166666666666
        ],
        [
          -76.82194444444444,
          -11.774166666666666
        ],
        [
          -76.82194444444444,
          -11.773888888888889
        ],
        [
          -76.82166666666667,
          -11.773888888888889
        ],
        [
          -76.82166666666667,
          -11.77361111111111
        ],
        [
          -76.82138888888889,
          -11.77361111111111
        ],
        [
          -76.82138888888889,
          -11.773333333333333
        ],
        [
          -76.82111111111111,
          -11.773333333333333
        ],
        [
          -76.82111111111111,
          -11.773055555555555
        ],
        [
          -76.82083333333334,
          -11.773055555555555
        ],
        [
          -76.82083333333334,
          -11.772777777777778
        ],
        [
          -76.82055555555556,
          -11.772777777777778
        ],
        [
          -76.82055555555556,
          -11.772499999999999
        ],
        [
          -76.81944444444444,
          -11.772499999999999
        ],
        [
          -76.81944444444444,
          -11.772222222222222
        ],
        [
          -76.81888888888889,
          -11.772222222222222
        ],
        [
          -76.81888888888889,
          -11.771944444444443
        ],
        [
          -76.81861111111111,
          -11.771944444444443
        ],
        [
          -76.81861111111111,
          -11.770833333333332
        ],
        [
          -76.81833333333333,
          -11.770833333333332
        ],
        [
          -76.81833333333333,
          -11.77
        ],
        [
          -76.81777777777778,
          -11.77
        ],
        [
          -76.81777777777778,
          -11.76972222222222
        ],
        [
          -76.8175,
          -11.76972222222222
        ],
        [
          -76.8175,
          -11.769444444444444
        ],
        [
          -76.81722222222223,
          -11.769444444444444
        ],
        [
          -76.81722222222223,
          -11.769166666666667
        ],
        [
          -76.81666666666666,
          -11.769166666666667
        ],
        [
          -76.81666666666666,
          -11.768888888888888
        ],
        [
          -76.81611111111111,
          -11.768888888888888
        ],
        [
          -76.81611111111111,
          -11.768611111111111
        ],
        [
          -76.81555555555556,
          -11.768611111111111
        ],
        [
          -76.81555555555556,
          -11.768333333333333
        ],
        [
          -76.81527777777778,
          -11.768333333333333
        ],
        [
          -76.81527777777778,
          -11.768055555555556
        ],
        [
          -76.815,
          -11.768055555555556
        ],
        [
          -76.815,
          -11.767777777777777
        ],
        [
          -76.81416666666667,
          -11.767777777777777
        ],
        [
          -76.81416666666667,
          -11.767222222222221
        ],
        [
          -76.8138888888889,
          -11.767222222222221
        ],
        [
          -76.8138888888889,
          -11.766944444444444
        ],
        [
          -76.81361111111111,
          -11.766944444444444
        ],
        [
          -76.81361111111111,
          -11.766666666666666
        ],
        [
          -76.81333333333333,
          -11.766666666666666
        ],
        [
          -76.81333333333333,
          -11.766388888888889
        ],
        [
          -76.81305555555555,
          -11.766388888888889
        ],
        [
          -76.81305555555555,
          -11.76611111111111
        ],
        [
          -76.81277777777778,
          -11.76611111111111
        ],
        [
          -76.81277777777778,
          -11.764722222222222
        ],
        [
          -76.81305555555555,
          -11.764722222222222
        ],
        [
          -76.81305555555555,
          -11.764444444444443
        ],
        [
          -76.81277777777778,
          -11.764444444444443
        ],
        [
          -76.81277777777778,
          -11.764166666666666
        ],
        [
          -76.8125,
          -11.764166666666666
        ],
        [
          -76.8125,
          -11.76388888888889
        ],
        [
          -76.81222222222222,
          -11.76388888888889
        ],
        [
          -76.81222222222222,
          -11.763333333333334
        ],
        [
          -76.81194444444445,
          -11.763333333333334
        ],
        [
          -76.81194444444445,
          -11.763055555555555
        ],
        [
          -76.81138888888889,
          -11.763055555555555
        ],
        [
          -76.81138888888889,
          -11.762777777777778
        ],
        [
          -76.81083333333333,
          -11.762777777777778
        ],
        [
          -76.81083333333333,
          -11.7625
        ],
        [
          -76.81055555555555,
          -11.7625
        ],
        [
          -76.81055555555555,
          -11.762222222222222
        ],
        [
          -76.81,
          -11.762222222222222
        ],
        [
          -76.81,
          -11.761666666666667
        ],
        [
          -76.80972222222222,
          -11.761666666666667
        ],
        [
          -76.80972222222222,
          -11.761388888888888
        ],
        [
          -76.80944444444445,
          -11.761388888888888
        ],
        [
          -76.80944444444445,
          -11.761111111111111
        ],
        [
          -76.80888888888889,
          -11.761111111111111
        ],
        [
          -76.80888888888889,
          -11.760833333333332
        ],
        [
          -76.8086111111111,
          -11.760833333333332
        ],
        [
          -76.8086111111111,
          -11.760277777777777
        ],
        [
          -76.80833333333334,
          -11.760277777777777
        ],
        [
          -76.80833333333334,
          -11.76
        ],
        [
          -76.80805555555555,
          -11.76
        ],
        [
          -76.80805555555555,
          -11.759444444444444
        ],
        [
          -76.8075,
          -11.759444444444444
        ],
        [
          -76.8075,
          -11.759166666666665
        ],
        [
          -76.80722222222222,
          -11.759166666666665
        ],
        [
          -76.80722222222222,
          -11.7575
        ],
        [
          -76.80694444444444,
          -11.7575
        ],
        [
          -76.80694444444444,
          -11.756944444444445
        ],
        [
          -76.80666666666667,
          -11.756944444444445
        ],
        [
          -76.80666666666667,
          -11.756666666666666
        ],
        [
          -76.80611111111111,
          -11.756666666666666
        ],
        [
          -76.80611111111111,
          -11.756388888888889
        ],
        [
          -76.80583333333334,
          -11.756388888888889
        ],
        [
          -76.80583333333334,
          -11.75611111111111
        ],
        [
          -76.80555555555556,
          -11.75611111111111
        ],
        [
          -76.80555555555556,
          -11.755833333333333
        ],
        [
          -76.80361111111111,
          -11.755833333333333
        ],
        [
          -76.80361111111111,
          -11.755555555555555
        ],
        [
          -76.80305555555556,
          -11.755555555555555
        ],
        [
          -76.80305555555556,
          -11.755277777777778
        ],
        [
          -76.80194444444444,
          -11.755277777777778
        ],
        [
          -76.80194444444444,
          -11.754999999999999
        ],
        [
          -76.80166666666666,
          -11.754999999999999
        ],
        [
          -76.80166666666666,
          -11.754722222222222
        ],
        [
          -76.80083333333333,
          -11.754722222222222
        ],
        [
          -76.80083333333333,
          -11.754444444444443
        ],
        [
          -76.79916666666666,
          -11.754444444444443
        ],
        [
          -76.79916666666666,
          -11.754166666666666
        ],
        [
          -76.79777777777778,
          -11.754166666666666
        ],
        [
          -76.79777777777778,
          -11.754444444444443
        ],
        [
          -76.79611111111112,
          -11.754444444444443
        ],
        [
          -76.79611111111112,
          -11.753055555555555
        ],
        [
          -76.79583333333333,
          -11.753055555555555
        ],
        [
          -76.79583333333333,
          -11.752777777777776
        ],
        [
          -76.79555555555555,
          -11.752777777777776
        ],
        [
          -76.79555555555555,
          -11.7525
        ],
        [
          -76.79527777777778,
          -11.7525
        ],
        [
          -76.79527777777778,
          -11.751944444444444
        ],
        [
          -76.795,
          -11.751944444444444
        ],
        [
          -76.795,
          -11.751666666666667
        ],
        [
          -76.79472222222222,
          -11.751666666666667
        ],
        [
          -76.79472222222222,
          -11.751388888888888
        ],
        [
          -76.79444444444445,
          -11.751388888888888
        ],
        [
          -76.79444444444445,
          -11.750833333333333
        ],
        [
          -76.79416666666667,
          -11.750833333333333
        ],
        [
          -76.79416666666667,
          -11.750277777777777
        ],
        [
          -76.79388888888889,
          -11.750277777777777
        ],
        [
          -76.79388888888889,
          -11.75
        ],
        [
          -76.79361111111112,
          -11.75
        ],
        [
          -76.79361111111112,
          -11.749444444444444
        ],
        [
          -76.79333333333334,
          -11.749444444444444
        ],
        [
          -76.79333333333334,
          -11.748888888888889
        ],
        [
          -76.79277777777777,
          -11.748888888888889
        ],
        [
          -76.79277777777777,
          -11.74861111111111
        ],
        [
          -76.79222222222222,
          -11.74861111111111
        ],
        [
          -76.79222222222222,
          -11.748333333333333
        ],
        [
          -76.79194444444444,
          -11.748333333333333
        ],
        [
          -76.79194444444444,
          -11.748055555555554
        ],
        [
          -76.78888888888889,
          -11.748055555555554
        ],
        [
          -76.78888888888889,
          -11.747777777777777
        ],
        [
          -76.78833333333334,
          -11.747777777777777
        ],
        [
          -76.78833333333334,
          -11.747499999999999
        ],
        [
          -76.7875,
          -11.747499999999999
        ],
        [
          -76.7875,
          -11.747222222222222
        ],
        [
          -76.78694444444444,
          -11.747222222222222
        ],
        [
          -76.78694444444444,
          -11.746944444444443
        ],
        [
          -76.7863888888889,
          -11.746944444444443
        ],
        [
          -76.7863888888889,
          -11.746666666666666
        ],
        [
          -76.78611111111111,
          -11.746666666666666
        ],
        [
          -76.78611111111111,
          -11.74638888888889
        ],
        [
          -76.78583333333333,
          -11.74638888888889
        ],
        [
          -76.78583333333333,
          -11.74611111111111
        ],
        [
          -76.78527777777778,
          -11.74611111111111
        ],
        [
          -76.78527777777778,
          -11.745833333333334
        ],
        [
          -76.785,
          -11.745833333333334
        ],
        [
          -76.785,
          -11.745555555555555
        ],
        [
          -76.78361111111111,
          -11.745555555555555
        ],
        [
          -76.78361111111111,
          -11.745277777777778
        ],
        [
          -76.78333333333333,
          -11.745277777777778
        ],
        [
          -76.78333333333333,
          -11.744722222222222
        ],
        [
          -76.78305555555556,
          -11.744722222222222
        ],
        [
          -76.78305555555556,
          -11.744166666666667
        ],
        [
          -76.78277777777778,
          -11.744166666666667
        ],
        [
          -76.78277777777778,
          -11.743888888888888
        ],
        [
          -76.7825,
          -11.743888888888888
        ],
        [
          -76.7825,
          -11.743611111111111
        ],
        [
          -76.78222222222222,
          -11.743611111111111
        ],
        [
          -76.78222222222222,
          -11.743333333333332
        ],
        [
          -76.78111111111112,
          -11.743333333333332
        ],
        [
          -76.78111111111112,
          -11.743055555555555
        ],
        [
          -76.78055555555555,
          -11.743055555555555
        ],
        [
          -76.78055555555555,
          -11.743333333333332
        ],
        [
          -76.78027777777778,
          -11.743333333333332
        ],
        [
          -76.78027777777778,
          -11.743055555555555
        ],
        [
          -76.78,
          -11.743055555555555
        ],
        [
          -76.78,
          -11.742777777777777
        ],
        [
          -76.77972222222222,
          -11.742777777777777
        ],
        [
          -76.77972222222222,
          -11.741111111111111
        ],
        [
          -76.77944444444445,
          -11.741111111111111
        ],
        [
          -76.77944444444445,
          -11.740833333333333
        ],
        [
          -76.77916666666667,
          -11.740833333333333
        ],
        [
          -76.77916666666667,
          -11.740277777777777
        ],
        [
          -76.77805555555555,
          -11.740277777777777
        ],
        [
          -76.77805555555555,
          -11.74
        ],
        [
          -76.77722222222222,
          -11.74
        ],
        [
          -76.77722222222222,
          -11.739722222222222
        ],
        [
          -76.77666666666667,
          -11.739722222222222
        ],
        [
          -76.77666666666667,
          -11.739444444444445
        ],
        [
          -76.7761111111111,
          -11.739444444444445
        ],
        [
          -76.7761111111111,
          -11.739166666666666
        ],
        [
          -76.77305555555556,
          -11.739166666666666
        ],
        [
          -76.77305555555556,
          -11.738888888888889
        ],
        [
          -76.77222222222223,
          -11.738888888888889
        ],
        [
          -76.77222222222223,
          -11.73861111111111
        ],
        [
          -76.77166666666666,
          -11.73861111111111
        ],
        [
          -76.77166666666666,
          -11.738333333333333
        ],
        [
          -76.77111111111111,
          -11.738333333333333
        ],
        [
          -76.77111111111111,
          -11.738055555555555
        ],
        [
          -76.77055555555556,
          -11.738055555555555
        ],
        [
          -76.77055555555556,
          -11.737777777777778
        ],
        [
          -76.76972222222223,
          -11.737777777777778
        ],
        [
          -76.76972222222223,
          -11.737499999999999
        ],
        [
          -76.7688888888889,
          -11.737499999999999
        ],
        [
          -76.7688888888889,
          -11.737222222222222
        ],
        [
          -76.7675,
          -11.737222222222222
        ],
        [
          -76.7675,
          -11.736944444444443
        ],
        [
          -76.76638888888888,
          -11.736944444444443
        ],
        [
          -76.76638888888888,
          -11.736666666666666
        ],
        [
          -76.76527777777778,
          -11.736666666666666
        ],
        [
          -76.76527777777778,
          -11.736388888888888
        ],
        [
          -76.765,
          -11.736388888888888
        ],
        [
          -76.765,
          -11.73611111111111
        ],
        [
          -76.76472222222222,
          -11.73611111111111
        ],
        [
          -76.76472222222222,
          -11.735555555555555
        ],
        [
          -76.76416666666667,
          -11.735555555555555
        ],
        [
          -76.76416666666667,
          -11.735277777777778
        ],
        [
          -76.76361111111112,
          -11.735277777777778
        ],
        [
          -76.76361111111112,
          -11.735
        ],
        [
          -76.76277777777779,
          -11.735
        ],
        [
          -76.76277777777779,
          -11.734722222222222
        ],
        [
          -76.76222222222222,
          -11.734722222222222
        ],
        [
          -76.76222222222222,
          -11.734444444444444
        ],
        [
          -76.76138888888889,
          -11.734444444444444
        ],
        [
          -76.76138888888889,
          -11.734166666666667
        ],
        [
          -76.76055555555556,
          -11.734166666666667
        ],
        [
          -76.76055555555556,
          -11.733888888888888
        ],
        [
          -76.75944444444444,
          -11.733888888888888
        ],
        [
          -76.75944444444444,
          -11.733611111111111
        ],
        [
          -76.75861111111111,
          -11.733611111111111
        ],
        [
          -76.75861111111111,
          -11.733333333333333
        ],
        [
          -76.75638888888889,
          -11.733333333333333
        ],
        [
          -76.75638888888889,
          -11.733055555555556
        ],
        [
          -76.75611111111111,
          -11.733055555555556
        ],
        [
          -76.75611111111111,
          -11.732777777777777
        ],
        [
          -76.75555555555556,
          -11.732777777777777
        ],
        [
          -76.75555555555556,
          -11.7325
        ],
        [
          -76.75527777777778,
          -11.7325
        ],
        [
          -76.75527777777778,
          -11.732222222222221
        ],
        [
          -76.755,
          -11.732222222222221
        ],
        [
          -76.755,
          -11.731944444444444
        ],
        [
          -76.75472222222223,
          -11.731944444444444
        ],
        [
          -76.75472222222223,
          -11.731666666666666
        ],
        [
          -76.75444444444445,
          -11.731666666666666
        ],
        [
          -76.75444444444445,
          -11.731388888888889
        ],
        [
          -76.75416666666666,
          -11.731388888888889
        ],
        [
          -76.75416666666666,
          -11.73111111111111
        ],
        [
          -76.7538888888889,
          -11.73111111111111
        ],
        [
          -76.7538888888889,
          -11.730833333333333
        ],
        [
          -76.75277777777778,
          -11.730833333333333
        ],
        [
          -76.75277777777778,
          -11.730555555555554
        ],
        [
          -76.75166666666667,
          -11.730555555555554
        ],
        [
          -76.75166666666667,
          -11.730277777777777
        ],
        [
          -76.7513888888889,
          -11.730277777777777
        ],
        [
          -76.7513888888889,
          -11.729999999999999
        ],
        [
          -76.75111111111111,
          -11.729999999999999
        ],
        [
          -76.75111111111111,
          -11.729722222222222
        ]
      ]
    ]
  }
}