{
  "type": "FeatureCollection",
  "properties": {
    "version": "irfen-w1-santa-eulalia-rimac-v1",
    "generated_at": "2026-08-20T02:59:10.615896+00:00",
    "deployment_status": "RESEARCH_ONLY",
    "production_use": false,
    "production_ready": false,
    "operational_alerting_enabled": false,
    "units_are_separate": true,
    "source_snapshot_path": "site/data/phase2/sources/w1_santa_eulalia_rimac_source_snapshot.json",
    "source_snapshot_sha256": "6845856e06f8ac5397304c2217149d86c9341df2ac833384e0e7853d43c2cf7d",
    "warning": "REVIEW_ONLY: no activa zonas, alertas, umbrales ni lógica v0.7.1/v0.8."
  },
  "features": [
    {
      "type": "Feature",
      "properties": {
        "unit_id": "cashahuacra",
        "name": "Quebrada Cashahuacra · microcuenca candidata",
        "wave_id": "W1_GEOMETRY_NORMALIZATION",
        "deployment_status": "RESEARCH_ONLY",
        "candidate_status": "REVIEW_ONLY",
        "production_use": false,
        "production_ready": false,
        "alerting_enabled": false,
        "decision_thresholds": null,
        "loaded_into_operational_calculation": false,
        "carries_alert_values": false,
        "carries_risk_classification": false,
        "geometry_sha256": "edcad38438dff974befc4dda7993dee088c19367dc488c297f5f4e67e6eb0ee6",
        "hydrologic_role": "local_debris_flow_catchment_candidate",
        "representation": "COPERNICUS_DEM_GLO30_D8_CATCHMENT",
        "source_ids": [
          "ANA-CASHAHUACRA-VULNERABLE-5769",
          "COPERNICUS-DEM-GLO-30"
        ],
        "source_date": "2026-08-19",
        "method": "official search footprint + Copernicus GLO-30 + D8 + maximum constrained accumulation + explicit upstream traversal",
        "source_scope_sha256": "29840396245c864f2c80a06001651c69410e0c61872584ce50d438413294d99f",
        "dem_tile_sha256": "d9f8d410da66bfb85c73b957401aea73043f8618cccdb7d1fc76082d30a31130",
        "outlet": {
          "lon": -76.6630556,
          "lat": -11.9136111,
          "selection": "maximum D8 accumulation inside official source scope and configured area band",
          "selection_area_band_km2": [
            5.0,
            25.0
          ],
          "accumulation_cells": 16225,
          "accumulation_area_km2": 15.078,
          "distance_to_source_scope_boundary_m": 13.7,
          "official_confirmation": false
        },
        "coverage": {
          "delineated_area_km2": 15.088,
          "area_semantics": "DEM_DERIVED_D8_CATCHMENT_NOT_CENEPRED_ORTHOMOSAIC_COVERAGE",
          "is_official_watershed_area": false,
          "is_cenepred_orthomosaic_coverage_area": false,
          "cenepred_orthomosaic_area_used_as_catchment_area": false,
          "catchment_cells": 16225,
          "size_basis": "explicit upstream DEM-cell traversal terminating at the selected D8 outlet",
          "source_scope_area_km2": 1.720696,
          "catchment_overlap_with_source_scope_km2": 0.478894,
          "source_scope_overlap_pct": 27.83,
          "source_scope_role": "OUTLET_SEARCH_ONLY_NOT_WATERSHED",
          "official_scope_is_watershed": false,
          "downstream_reaches_santa_eulalia_faja": true
        },
        "confidence": "MEDIUM_CANDIDATE",
        "confidence_reason": "Ámbito ANA, evento INGEMMET y drenaje D8 coherente; faltan outlet y área oficiales.",
        "map_disclaimer": "Microcuenca candidata REVIEW_ONLY; outlet y área no han sido aprobados por ANA."
      },
      "geometry": {
        "type": "Polygon",
        "coordinates": [
          [
            [
              -76.68319444444444,
              -11.857916666666666
            ],
            [
              -76.68291666666666,
              -11.857916666666666
            ],
            [
              -76.68291666666666,
              -11.858194444444443
            ],
            [
              -76.68263888888887,
              -11.858194444444443
            ],
            [
              -76.68263888888887,
              -11.858472222222222
            ],
            [
              -76.6823611111111,
              -11.858472222222222
            ],
            [
              -76.6823611111111,
              -11.858749999999999
            ],
            [
              -76.68208333333332,
              -11.858749999999999
            ],
            [
              -76.68208333333332,
              -11.859027777777778
            ],
            [
              -76.68152777777777,
              -11.859027777777778
            ],
            [
              -76.68152777777777,
              -11.859305555555554
            ],
            [
              -76.68124999999999,
              -11.859305555555554
            ],
            [
              -76.68124999999999,
              -11.859583333333333
            ],
            [
              -76.68097222222221,
              -11.859583333333333
            ],
            [
              -76.68097222222221,
              -11.85986111111111
            ],
            [
              -76.68069444444444,
              -11.85986111111111
            ],
            [
              -76.68069444444444,
              -11.860416666666666
            ],
            [
              -76.68041666666666,
              -11.860416666666666
            ],
            [
              -76.68041666666666,
              -11.860694444444444
            ],
            [
              -76.68013888888888,
              -11.860694444444444
            ],
            [
              -76.68013888888888,
              -11.860972222222221
            ],
            [
              -76.6798611111111,
              -11.860972222222221
            ],
            [
              -76.6798611111111,
              -11.86125
            ],
            [
              -76.67958333333333,
              -11.86125
            ],
            [
              -76.67958333333333,
              -11.861527777777777
            ],
            [
              -76.67930555555554,
              -11.861527777777777
            ],
            [
              -76.67930555555554,
              -11.861805555555556
            ],
            [
              -76.67902777777776,
              -11.861805555555556
            ],
            [
              -76.67902777777776,
              -11.862083333333333
            ],
            [
              -76.67875,
              -11.862083333333333
            ],
            [
              -76.67875,
              -11.862361111111111
            ],
            [
              -76.67847222222221,
              -11.862361111111111
            ],
            [
              -76.67847222222221,
              -11.862638888888888
            ],
            [
              -76.67819444444443,
              -11.862638888888888
            ],
            [
              -76.67819444444443,
              -11.863194444444444
            ],
            [
              -76.67847222222221,
              -11.863194444444444
            ],
            [
              -76.67847222222221,
              -11.86375
            ],
            [
              -76.67819444444443,
              -11.86375
            ],
            [
              -76.67819444444443,
              -11.864305555555555
            ],
            [
              -76.67791666666666,
              -11.864305555555555
            ],
            [
              -76.67791666666666,
              -11.866805555555555
            ],
            [
              -76.67763888888888,
              -11.866805555555555
            ],
            [
              -76.67763888888888,
              -11.867083333333333
            ],
            [
              -76.6773611111111,
              -11.867083333333333
            ],
            [
              -76.6773611111111,
              -11.86736111111111
            ],
            [
              -76.67708333333333,
              -11.86736111111111
            ],
            [
              -76.67708333333333,
              -11.867638888888889
            ],
            [
              -76.67680555555555,
              -11.867638888888889
            ],
            [
              -76.67680555555555,
              -11.867916666666666
            ],
            [
              -76.67652777777776,
              -11.867916666666666
            ],
            [
              -76.67652777777776,
              -11.868194444444445
            ],
            [
              -76.67625,
              -11.868194444444445
            ],
            [
              -76.67625,
              -11.868472222222222
            ],
            [
              -76.67569444444443,
              -11.868472222222222
            ],
            [
              -76.67569444444443,
              -11.868749999999999
            ],
            [
              -76.67541666666666,
              -11.868749999999999
            ],
            [
              -76.67541666666666,
              -11.869305555555554
            ],
            [
              -76.67513888888888,
              -11.869305555555554
            ],
            [
              -76.67513888888888,
              -11.86986111111111
            ],
            [
              -76.6748611111111,
              -11.86986111111111
            ],
            [
              -76.6748611111111,
              -11.870138888888889
            ],
            [
              -76.67458333333332,
              -11.870138888888889
            ],
            [
              -76.67458333333332,
              -11.87125
            ],
            [
              -76.67430555555555,
              -11.87125
            ],
            [
              -76.67430555555555,
              -11.871527777777777
            ],
            [
              -76.67402777777777,
              -11.871527777777777
            ],
            [
              -76.67402777777777,
              -11.871805555555556
            ],
            [
              -76.67374999999998,
              -11.871805555555556
            ],
            [
              -76.67374999999998,
              -11.872083333333332
            ],
            [
              -76.67347222222222,
              -11.872083333333332
            ],
            [
              -76.67347222222222,
              -11.872638888888888
            ],
            [
              -76.67319444444443,
              -11.872638888888888
            ],
            [
              -76.67319444444443,
              -11.872916666666667
            ],
            [
              -76.67291666666665,
              -11.872916666666667
            ],
            [
              -76.67291666666665,
              -11.873194444444444
            ],
            [
              -76.67263888888888,
              -11.873194444444444
            ],
            [
              -76.67263888888888,
              -11.874305555555555
            ],
            [
              -76.67291666666665,
              -11.874305555555555
            ],
            [
              -76.67291666666665,
              -11.874583333333332
            ],
            [
              -76.67263888888888,
              -11.874583333333332
            ],
            [
              -76.67263888888888,
              -11.875416666666666
            ],
            [
              -76.6723611111111,
              -11.875416666666666
            ],
            [
              -76.6723611111111,
              -11.875694444444443
            ],
            [
              -76.67208333333332,
              -11.875694444444443
            ],
            [
              -76.67208333333332,
              -11.876249999999999
            ],
            [
              -76.67180555555555,
              -11.876249999999999
            ],
            [
              -76.67180555555555,
              -11.876805555555555
            ],
            [
              -76.67152777777777,
              -11.876805555555555
            ],
            [
              -76.67152777777777,
              -11.87736111111111
            ],
            [
              -76.67124999999999,
              -11.87736111111111
            ],
            [
              -76.67124999999999,
              -11.877638888888889
            ],
            [
              -76.67097222222222,
              -11.877638888888889
            ],
            [
              -76.67097222222222,
              -11.877916666666666
            ],
            [
              -76.67069444444444,
              -11.877916666666666
            ],
            [
              -76.67069444444444,
              -11.878194444444444
            ],
            [
              -76.67041666666665,
              -11.878194444444444
            ],
            [
              -76.67041666666665,
              -11.878472222222221
            ],
            [
              -76.67013888888889,
              -11.878472222222221
            ],
            [
              -76.67013888888889,
              -11.87875
            ],
            [
              -76.6698611111111,
              -11.87875
            ],
            [
              -76.6698611111111,
              -11.879583333333333
            ],
            [
              -76.66958333333332,
              -11.879583333333333
            ],
            [
              -76.66958333333332,
              -11.880416666666665
            ],
            [
              -76.66930555555554,
              -11.880416666666665
            ],
            [
              -76.66930555555554,
              -11.880972222222221
            ],
            [
              -76.66902777777777,
              -11.880972222222221
            ],
            [
              -76.66902777777777,
              -11.881805555555555
            ],
            [
              -76.66930555555554,
              -11.881805555555555
            ],
            [
              -76.66930555555554,
              -11.882638888888888
            ],
            [
              -76.66958333333332,
              -11.882638888888888
            ],
            [
              -76.66958333333332,
              -11.883472222222222
            ],
            [
              -76.6698611111111,
              -11.883472222222222
            ],
            [
              -76.6698611111111,
              -11.884305555555555
            ],
            [
              -76.67013888888889,
              -11.884305555555555
            ],
            [
              -76.67013888888889,
              -11.885972222222222
            ],
            [
              -76.67041666666665,
              -11.885972222222222
            ],
            [
              -76.67041666666665,
              -11.889861111111111
            ],
            [
              -76.67013888888889,
              -11.889861111111111
            ],
            [
              -76.67013888888889,
              -11.890694444444444
            ],
            [
              -76.67041666666665,
              -11.890694444444444
            ],
            [
              -76.67041666666665,
              -11.89125
            ],
            [
              -76.67069444444444,
              -11.89125
            ],
            [
              -76.67069444444444,
              -11.892083333333332
            ],
            [
              -76.67097222222222,
              -11.892083333333332
            ],
            [
              -76.67097222222222,
              -11.893472222222222
            ],
            [
              -76.67124999999999,
              -11.893472222222222
            ],
            [
              -76.67124999999999,
              -11.894305555555555
            ],
            [
              -76.67152777777777,
              -11.894305555555555
            ],
            [
              -76.67152777777777,
              -11.89486111111111
            ],
            [
              -76.67180555555555,
              -11.89486111111111
            ],
            [
              -76.67180555555555,
              -11.895138888888889
            ],
            [
              -76.67208333333332,
              -11.895138888888889
            ],
            [
              -76.67208333333332,
              -11.895694444444445
            ],
            [
              -76.6723611111111,
              -11.895694444444445
            ],
            [
              -76.6723611111111,
              -11.896805555555554
            ],
            [
              -76.67263888888888,
              -11.896805555555554
            ],
            [
              -76.67263888888888,
              -11.898472222222221
            ],
            [
              -76.6723611111111,
              -11.898472222222221
            ],
            [
              -76.6723611111111,
              -11.899027777777777
            ],
            [
              -76.67208333333332,
              -11.899027777777777
            ],
            [
              -76.67208333333332,
              -11.901805555555555
            ],
            [
              -76.67180555555555,
              -11.901805555555555
            ],
            [
              -76.67180555555555,
              -11.903194444444443
            ],
            [
              -76.67152777777777,
              -11.903194444444443
            ],
            [
              -76.67152777777777,
              -11.905416666666666
            ],
            [
              -76.67180555555555,
              -11.905416666666666
            ],
            [
              -76.67180555555555,
              -11.905694444444444
            ],
            [
              -76.67208333333332,
              -11.905694444444444
            ],
            [
              -76.67208333333332,
              -11.906805555555556
            ],
            [
              -76.67180555555555,
              -11.906805555555556
            ],
            [
              -76.67180555555555,
              -11.907361111111111
            ],
            [
              -76.67097222222222,
              -11.907361111111111
            ],
            [
              -76.67097222222222,
              -11.907638888888888
            ],
            [
              -76.67069444444444,
              -11.907638888888888
            ],
            [
              -76.67069444444444,
              -11.907916666666667
            ],
            [
              -76.6698611111111,
              -11.907916666666667
            ],
            [
              -76.6698611111111,
              -11.908194444444444
            ],
            [
              -76.66874999999999,
              -11.908194444444444
            ],
            [
              -76.66874999999999,
              -11.90847222222222
            ],
            [
              -76.66819444444444,
              -11.90847222222222
            ],
            [
              -76.66819444444444,
              -11.90875
            ],
            [
              -76.66791666666666,
              -11.90875
            ],
            [
              -76.66791666666666,
              -11.909027777777776
            ],
            [
              -76.66763888888887,
              -11.909027777777776
            ],
            [
              -76.66763888888887,
              -11.909305555555555
            ],
            [
              -76.6673611111111,
              -11.909305555555555
            ],
            [
              -76.6673611111111,
              -11.909583333333332
            ],
            [
              -76.66708333333332,
              -11.909583333333332
            ],
            [
              -76.66708333333332,
              -11.90986111111111
            ],
            [
              -76.66652777777777,
              -11.90986111111111
            ],
            [
              -76.66652777777777,
              -11.910138888888888
            ],
            [
              -76.66624999999999,
              -11.910138888888888
            ],
            [
              -76.66624999999999,
              -11.910416666666666
            ],
            [
              -76.66597222222221,
              -11.910416666666666
            ],
            [
              -76.66597222222221,
              -11.910694444444443
            ],
            [
              -76.66569444444444,
              -11.910694444444443
            ],
            [
              -76.66569444444444,
              -11.910972222222222
            ],
            [
              -76.66458333333333,
              -11.910972222222222
            ],
            [
              -76.66458333333333,
              -11.911249999999999
            ],
            [
              -76.66430555555554,
              -11.911249999999999
            ],
            [
              -76.66430555555554,
              -11.911527777777778
            ],
            [
              -76.66402777777776,
              -11.911527777777778
            ],
            [
              -76.66402777777776,
              -11.911805555555555
            ],
            [
              -76.66375,
              -11.911805555555555
            ],
            [
              -76.66375,
              -11.912083333333333
            ],
            [
              -76.66347222222221,
              -11.912083333333333
            ],
            [
              -76.66347222222221,
              -11.91236111111111
            ],
            [
              -76.66319444444443,
              -11.91236111111111
            ],
            [
              -76.66319444444443,
              -11.913194444444445
            ],
            [
              -76.66291666666666,
              -11.913194444444445
            ],
            [
              -76.66291666666666,
              -11.91375
            ],
            [
              -76.66402777777776,
              -11.91375
            ],
            [
              -76.66402777777776,
              -11.913472222222222
            ],
            [
              -76.66430555555554,
              -11.913472222222222
            ],
            [
              -76.66430555555554,
              -11.913194444444445
            ],
            [
              -76.66458333333333,
              -11.913194444444445
            ],
            [
              -76.66458333333333,
              -11.912916666666666
            ],
            [
              -76.66486111111111,
              -11.912916666666666
            ],
            [
              -76.66486111111111,
              -11.912638888888889
            ],
            [
              -76.66513888888888,
              -11.912638888888889
            ],
            [
              -76.66513888888888,
              -11.912916666666666
            ],
            [
              -76.66541666666666,
              -11.912916666666666
            ],
            [
              -76.66541666666666,
              -11.912638888888889
            ],
            [
              -76.66569444444444,
              -11.912638888888889
            ],
            [
              -76.66569444444444,
              -11.91236111111111
            ],
            [
              -76.66597222222221,
              -11.91236111111111
            ],
            [
              -76.66597222222221,
              -11.912083333333333
            ],
            [
              -76.66652777777777,
              -11.912083333333333
            ],
            [
              -76.66652777777777,
              -11.911805555555555
            ],
            [
              -76.66708333333332,
              -11.911805555555555
            ],
            [
              -76.66708333333332,
              -11.911527777777778
            ],
            [
              -76.6673611111111,
              -11.911527777777778
            ],
            [
              -76.6673611111111,
              -11.911249999999999
            ],
            [
              -76.67097222222222,
              -11.911249999999999
            ],
            [
              -76.67097222222222,
              -11.910972222222222
            ],
            [
              -76.67263888888888,
              -11.910972222222222
            ],
            [
              -76.67263888888888,
              -11.911249999999999
            ],
            [
              -76.67374999999998,
              -11.911249999999999
            ],
            [
              -76.67374999999998,
              -11.910972222222222
            ],
            [
              -76.67430555555555,
              -11.910972222222222
            ],
            [
              -76.67430555555555,
              -11.910694444444443
            ],
            [
              -76.67513888888888,
              -11.910694444444443
            ],
            [
              -76.67513888888888,
              -11.910416666666666
            ],
            [
              -76.67569444444443,
              -11.910416666666666
            ],
            [
              -76.67569444444443,
              -11.910138888888888
            ],
            [
              -76.67597222222221,
              -11.910138888888888
            ],
            [
              -76.67597222222221,
              -11.910416666666666
            ],
            [
              -76.67680555555555,
              -11.910416666666666
            ],
            [
              -76.67680555555555,
              -11.910694444444443
            ],
            [
              -76.67763888888888,
              -11.910694444444443
            ],
            [
              -76.67763888888888,
              -11.910972222222222
            ],
            [
              -76.67847222222221,
              -11.910972222222222
            ],
            [
              -76.67847222222221,
              -11.911249999999999
            ],
            [
              -76.67875,
              -11.911249999999999
            ],
            [
              -76.67875,
              -11.910972222222222
            ],
            [
              -76.68097222222221,
              -11.910972222222222
            ],
            [
              -76.68097222222221,
              -11.911249999999999
            ],
            [
              -76.68208333333332,
              -11.911249999999999
            ],
            [
              -76.68208333333332,
              -11.911527777777778
            ],
            [
              -76.6823611111111,
              -11.911527777777778
            ],
            [
              -76.6823611111111,
              -11.910972222222222
            ],
            [
              -76.68263888888887,
              -11.910972222222222
            ],
            [
              -76.68263888888887,
              -11.910694444444443
            ],
            [
              -76.68291666666666,
              -11.910694444444443
            ],
            [
              -76.68291666666666,
              -11.910416666666666
            ],
            [
              -76.68319444444444,
              -11.910416666666666
            ],
            [
              -76.68319444444444,
              -11.910138888888888
            ],
            [
              -76.68402777777777,
              -11.910138888888888
            ],
            [
              -76.68402777777777,
              -11.90986111111111
            ],
            [
              -76.6848611111111,
              -11.90986111111111
            ],
            [
              -76.6848611111111,
              -11.909583333333332
            ],
            [
              -76.68541666666665,
              -11.909583333333332
            ],
            [
              -76.68541666666665,
              -11.909305555555555
            ],
            [
              -76.68624999999999,
              -11.909305555555555
            ],
            [
              -76.68624999999999,
              -11.909027777777776
            ],
            [
              -76.68652777777777,
              -11.909027777777776
            ],
            [
              -76.68652777777777,
              -11.90875
            ],
            [
              -76.68708333333332,
              -11.90875
            ],
            [
              -76.68708333333332,
              -11.90847222222222
            ],
            [
              -76.68763888888888,
              -11.90847222222222
            ],
            [
              -76.68763888888888,
              -11.908194444444444
            ],
            [
              -76.68819444444443,
              -11.908194444444444
            ],
            [
              -76.68819444444443,
              -11.907916666666667
            ],
            [
              -76.68902777777777,
              -11.907916666666667
            ],
            [
              -76.68902777777777,
              -11.907638888888888
            ],
            [
              -76.68930555555555,
              -11.907638888888888
            ],
            [
              -76.68930555555555,
              -11.907361111111111
            ],
            [
              -76.68958333333332,
              -11.907361111111111
            ],
            [
              -76.68958333333332,
              -11.906527777777777
            ],
            [
              -76.6898611111111,
              -11.906527777777777
            ],
            [
              -76.6898611111111,
              -11.90625
            ],
            [
              -76.69013888888888,
              -11.90625
            ],
            [
              -76.69013888888888,
              -11.905972222222221
            ],
            [
              -76.69041666666665,
              -11.905972222222221
            ],
            [
              -76.69041666666665,
              -11.905694444444444
            ],
            [
              -76.69069444444443,
              -11.905694444444444
            ],
            [
              -76.69069444444443,
              -11.905138888888889
            ],
            [
              -76.69097222222221,
              -11.905138888888889
            ],
            [
              -76.69097222222221,
              -11.904583333333333
            ],
            [
              -76.69125,
              -11.904583333333333
            ],
            [
              -76.69125,
              -11.904305555555554
            ],
            [
              -76.69152777777776,
              -11.904305555555554
            ],
            [
              -76.69152777777776,
              -11.903749999999999
            ],
            [
              -76.69180555555555,
              -11.903749999999999
            ],
            [
              -76.69180555555555,
              -11.903472222222222
            ],
            [
              -76.69208333333333,
              -11.903472222222222
            ],
            [
              -76.69208333333333,
              -11.903194444444443
            ],
            [
              -76.6923611111111,
              -11.903194444444443
            ],
            [
              -76.6923611111111,
              -11.902916666666666
            ],
            [
              -76.69291666666666,
              -11.902916666666666
            ],
            [
              -76.69291666666666,
              -11.902638888888887
            ],
            [
              -76.69319444444443,
              -11.902638888888887
            ],
            [
              -76.69319444444443,
              -11.90236111111111
            ],
            [
              -76.69347222222221,
              -11.90236111111111
            ],
            [
              -76.69347222222221,
              -11.902083333333334
            ],
            [
              -76.69375,
              -11.902083333333334
            ],
            [
              -76.69375,
              -11.901805555555555
            ],
            [
              -76.69402777777776,
              -11.901805555555555
            ],
            [
              -76.69402777777776,
              -11.900972222222222
            ],
            [
              -76.69430555555554,
              -11.900972222222222
            ],
            [
              -76.69430555555554,
              -11.900138888888888
            ],
            [
              -76.69458333333333,
              -11.900138888888888
            ],
            [
              -76.69458333333333,
              -11.896527777777777
            ],
            [
              -76.6948611111111,
              -11.896527777777777
            ],
            [
              -76.6948611111111,
              -11.89625
            ],
            [
              -76.69541666666666,
              -11.89625
            ],
            [
              -76.69541666666666,
              -11.895972222222222
            ],
            [
              -76.69569444444443,
              -11.895972222222222
            ],
            [
              -76.69569444444443,
              -11.895694444444445
            ],
            [
              -76.69624999999999,
              -11.895694444444445
            ],
            [
              -76.69624999999999,
              -11.895416666666666
            ],
            [
              -76.69763888888887,
              -11.895416666666666
            ],
            [
              -76.69763888888887,
              -11.895138888888889
            ],
            [
              -76.69791666666666,
              -11.895138888888889
            ],
            [
              -76.69791666666666,
              -11.89486111111111
            ],
            [
              -76.69819444444444,
              -11.89486111111111
            ],
            [
              -76.69819444444444,
              -11.894583333333333
            ],
            [
              -76.69874999999999,
              -11.894583333333333
            ],
            [
              -76.69874999999999,
              -11.894305555555555
            ],
            [
              -76.69902777777777,
              -11.894305555555555
            ],
            [
              -76.69902777777777,
              -11.894027777777778
            ],
            [
              -76.69930555555554,
              -11.894027777777778
            ],
            [
              -76.69930555555554,
              -11.893749999999999
            ],
            [
              -76.69958333333332,
              -11.893749999999999
            ],
            [
              -76.69958333333332,
              -11.893472222222222
            ],
            [
              -76.6998611111111,
              -11.893472222222222
            ],
            [
              -76.6998611111111,
              -11.893194444444443
            ],
            [
              -76.70041666666665,
              -11.893194444444443
            ],
            [
              -76.70041666666665,
              -11.892916666666666
            ],
            [
              -76.70124999999999,
              -11.892916666666666
            ],
            [
              -76.70124999999999,
              -11.892638888888888
            ],
            [
              -76.70208333333332,
              -11.892638888888888
            ],
            [
              -76.70208333333332,
              -11.89236111111111
            ],
            [
              -76.70263888888888,
              -11.89236111111111
            ],
            [
              -76.70263888888888,
              -11.892083333333332
            ],
            [
              -76.70291666666665,
              -11.892083333333332
            ],
            [
              -76.70291666666665,
              -11.891805555555555
            ],
            [
              -76.70402777777777,
              -11.891805555555555
            ],
            [
              -76.70402777777777,
              -11.891527777777776
            ],
            [
              -76.70458333333332,
              -11.891527777777776
            ],
            [
              -76.70458333333332,
              -11.890972222222222
            ],
            [
              -76.70513888888888,
              -11.890972222222222
            ],
            [
              -76.70513888888888,
              -11.890416666666667
            ],
            [
              -76.7048611111111,
              -11.890416666666667
            ],
            [
              -76.7048611111111,
              -11.888194444444444
            ],
            [
              -76.70513888888888,
              -11.888194444444444
            ],
            [
              -76.70513888888888,
              -11.887638888888889
            ],
            [
              -76.70541666666665,
              -11.887638888888889
            ],
            [
              -76.70541666666665,
              -11.885972222222222
            ],
            [
              -76.70513888888888,
              -11.885972222222222
            ],
            [
              -76.70513888888888,
              -11.885694444444443
            ],
            [
              -76.7048611111111,
              -11.885694444444443
            ],
            [
              -76.7048611111111,
              -11.88513888888889
            ],
            [
              -76.70458333333332,
              -11.88513888888889
            ],
            [
              -76.70458333333332,
              -11.884583333333333
            ],
            [
              -76.70430555555555,
              -11.884583333333333
            ],
            [
              -76.70430555555555,
              -11.88375
            ],
            [
              -76.70402777777777,
              -11.88375
            ],
            [
              -76.70402777777777,
              -11.881805555555555
            ],
            [
              -76.70374999999999,
              -11.881805555555555
            ],
            [
              -76.70374999999999,
              -11.880138888888888
            ],
            [
              -76.70347222222222,
              -11.880138888888888
            ],
            [
              -76.70347222222222,
              -11.876249999999999
            ],
            [
              -76.70374999999999,
              -11.876249999999999
            ],
            [
              -76.70374999999999,
              -11.875972222222222
            ],
            [
              -76.70347222222222,
              -11.875972222222222
            ],
            [
              -76.70347222222222,
              -11.875694444444443
            ],
            [
              -76.70319444444443,
              -11.875694444444443
            ],
            [
              -76.70319444444443,
              -11.875416666666666
            ],
            [
              -76.70291666666665,
              -11.875416666666666
            ],
            [
              -76.70291666666665,
              -11.875138888888888
            ],
            [
              -76.7023611111111,
              -11.875138888888888
            ],
            [
              -76.7023611111111,
              -11.87486111111111
            ],
            [
              -76.70208333333332,
              -11.87486111111111
            ],
            [
              -76.70208333333332,
              -11.874583333333332
            ],
            [
              -76.70124999999999,
              -11.874583333333332
            ],
            [
              -76.70124999999999,
              -11.874305555555555
            ],
            [
              -76.70069444444444,
              -11.874305555555555
            ],
            [
              -76.70069444444444,
              -11.874027777777776
            ],
            [
              -76.70041666666665,
              -11.874027777777776
            ],
            [
              -76.70041666666665,
              -11.87375
            ],
            [
              -76.6998611111111,
              -11.87375
            ],
            [
              -76.6998611111111,
              -11.873472222222222
            ],
            [
              -76.69958333333332,
              -11.873472222222222
            ],
            [
              -76.69958333333332,
              -11.873194444444444
            ],
            [
              -76.69902777777777,
              -11.873194444444444
            ],
            [
              -76.69902777777777,
              -11.872916666666667
            ],
            [
              -76.69847222222221,
              -11.872916666666667
            ],
            [
              -76.69847222222221,
              -11.872638888888888
            ],
            [
              -76.69819444444444,
              -11.872638888888888
            ],
            [
              -76.69819444444444,
              -11.872361111111111
            ],
            [
              -76.69791666666666,
              -11.872361111111111
            ],
            [
              -76.69791666666666,
              -11.872083333333332
            ],
            [
              -76.69763888888887,
              -11.872083333333332
            ],
            [
              -76.69763888888887,
              -11.871805555555556
            ],
            [
              -76.6973611111111,
              -11.871805555555556
            ],
            [
              -76.6973611111111,
              -11.871527777777777
            ],
            [
              -76.69680555555554,
              -11.871527777777777
            ],
            [
              -76.69680555555554,
              -11.87125
            ],
            [
              -76.69652777777777,
              -11.87125
            ],
            [
              -76.69652777777777,
              -11.870972222222221
            ],
            [
              -76.69624999999999,
              -11.870972222222221
            ],
            [
              -76.69624999999999,
              -11.870694444444444
            ],
            [
              -76.69597222222221,
              -11.870694444444444
            ],
            [
              -76.69597222222221,
              -11.870138888888889
            ],
            [
              -76.69569444444443,
              -11.870138888888889
            ],
            [
              -76.69569444444443,
              -11.869305555555554
            ],
            [
              -76.69541666666666,
              -11.869305555555554
            ],
            [
              -76.69541666666666,
              -11.868749999999999
            ],
            [
              -76.69513888888888,
              -11.868749999999999
            ],
            [
              -76.69513888888888,
              -11.868472222222222
            ],
            [
              -76.6948611111111,
              -11.868472222222222
            ],
            [
              -76.6948611111111,
              -11.867916666666666
            ],
            [
              -76.69458333333333,
              -11.867916666666666
            ],
            [
              -76.69458333333333,
              -11.86736111111111
            ],
            [
              -76.69375,
              -11.86736111111111
            ],
            [
              -76.69375,
              -11.867083333333333
            ],
            [
              -76.69347222222221,
              -11.867083333333333
            ],
            [
              -76.69347222222221,
              -11.866805555555555
            ],
            [
              -76.69291666666666,
              -11.866805555555555
            ],
            [
              -76.69291666666666,
              -11.866527777777778
            ],
            [
              -76.69263888888888,
              -11.866527777777778
            ],
            [
              -76.69263888888888,
              -11.866249999999999
            ],
            [
              -76.69208333333333,
              -11.866249999999999
            ],
            [
              -76.69208333333333,
              -11.865972222222222
            ],
            [
              -76.69125,
              -11.865972222222222
            ],
            [
              -76.69125,
              -11.865694444444443
            ],
            [
              -76.69069444444443,
              -11.865694444444443
            ],
            [
              -76.69069444444443,
              -11.865416666666667
            ],
            [
              -76.69041666666665,
              -11.865416666666667
            ],
            [
              -76.69041666666665,
              -11.865138888888888
            ],
            [
              -76.69013888888888,
              -11.865138888888888
            ],
            [
              -76.69013888888888,
              -11.86486111111111
            ],
            [
              -76.6898611111111,
              -11.86486111111111
            ],
            [
              -76.6898611111111,
              -11.864583333333332
            ],
            [
              -76.68958333333332,
              -11.864583333333332
            ],
            [
              -76.68958333333332,
              -11.864305555555555
            ],
            [
              -76.68930555555555,
              -11.864305555555555
            ],
            [
              -76.68930555555555,
              -11.864027777777777
            ],
            [
              -76.68902777777777,
              -11.864027777777777
            ],
            [
              -76.68902777777777,
              -11.86375
            ],
            [
              -76.68874999999998,
              -11.86375
            ],
            [
              -76.68874999999998,
              -11.86347222222222
            ],
            [
              -76.68847222222222,
              -11.86347222222222
            ],
            [
              -76.68847222222222,
              -11.863194444444444
            ],
            [
              -76.68819444444443,
              -11.863194444444444
            ],
            [
              -76.68819444444443,
              -11.862638888888888
            ],
            [
              -76.68791666666665,
              -11.862638888888888
            ],
            [
              -76.68791666666665,
              -11.862361111111111
            ],
            [
              -76.68763888888888,
              -11.862361111111111
            ],
            [
              -76.68763888888888,
              -11.862083333333333
            ],
            [
              -76.6873611111111,
              -11.862083333333333
            ],
            [
              -76.6873611111111,
              -11.861805555555556
            ],
            [
              -76.68708333333332,
              -11.861805555555556
            ],
            [
              -76.68708333333332,
              -11.861527777777777
            ],
            [
              -76.68624999999999,
              -11.861527777777777
            ],
            [
              -76.68624999999999,
              -11.86125
            ],
            [
              -76.68569444444444,
              -11.86125
            ],
            [
              -76.68569444444444,
              -11.860972222222221
            ],
            [
              -76.68541666666665,
              -11.860972222222221
            ],
            [
              -76.68541666666665,
              -11.860694444444444
            ],
            [
              -76.68458333333332,
              -11.860694444444444
            ],
            [
              -76.68458333333332,
              -11.860416666666666
            ],
            [
              -76.68430555555554,
              -11.860416666666666
            ],
            [
              -76.68430555555554,
              -11.860138888888889
            ],
            [
              -76.68402777777777,
              -11.860138888888889
            ],
            [
              -76.68402777777777,
              -11.85986111111111
            ],
            [
              -76.68374999999999,
              -11.85986111111111
            ],
            [
              -76.68374999999999,
              -11.859305555555554
            ],
            [
              -76.6834722222222,
              -11.859305555555554
            ],
            [
              -76.6834722222222,
              -11.858472222222222
            ],
            [
              -76.68319444444444,
              -11.858472222222222
            ],
            [
              -76.68319444444444,
              -11.857916666666666
            ]
          ]
        ]
      }
    },
    {
      "type": "Feature",
      "properties": {
        "unit_id": "shingolay",
        "name": "Quebrada Shingolay · microcuenca candidata",
        "wave_id": "W1_GEOMETRY_NORMALIZATION",
        "deployment_status": "RESEARCH_ONLY",
        "candidate_status": "REVIEW_ONLY",
        "production_use": false,
        "production_ready": false,
        "alerting_enabled": false,
        "decision_thresholds": null,
        "loaded_into_operational_calculation": false,
        "carries_alert_values": false,
        "carries_risk_classification": false,
        "geometry_sha256": "df0e0594bc491f00968a4d314aa6fc03deee4bcaacce3842a1ebcbbbed145553",
        "hydrologic_role": "local_debris_flow_catchment_candidate",
        "representation": "COPERNICUS_DEM_GLO30_D8_CATCHMENT",
        "source_ids": [
          "CENEPRED-RPAS-CASHAHUACRA-SHINGOLAY-5291",
          "COPERNICUS-DEM-GLO-30"
        ],
        "source_date": "2026-08-19",
        "method": "official search footprint + Copernicus GLO-30 + D8 + maximum constrained accumulation + explicit upstream traversal",
        "source_scope_sha256": "e7e860c853d0453a09597bebea1aeee268b7a90733f2f72eeca2dd16c2575599",
        "dem_tile_sha256": "d9f8d410da66bfb85c73b957401aea73043f8618cccdb7d1fc76082d30a31130",
        "outlet": {
          "lon": -76.6625,
          "lat": -11.8991667,
          "selection": "maximum D8 accumulation inside official source scope and configured area band",
          "selection_area_band_km2": [
            0.05,
            1.0
          ],
          "accumulation_cells": 261,
          "accumulation_area_km2": 0.243,
          "distance_to_source_scope_boundary_m": 2.05,
          "official_confirmation": false
        },
        "coverage": {
          "delineated_area_km2": 0.243,
          "area_semantics": "DEM_DERIVED_D8_CATCHMENT_NOT_CENEPRED_ORTHOMOSAIC_COVERAGE",
          "is_official_watershed_area": false,
          "is_cenepred_orthomosaic_coverage_area": false,
          "cenepred_orthomosaic_area_used_as_catchment_area": false,
          "catchment_cells": 261,
          "size_basis": "explicit upstream DEM-cell traversal terminating at the selected D8 outlet",
          "source_scope_area_km2": 0.041892,
          "catchment_overlap_with_source_scope_km2": 0.007879,
          "source_scope_overlap_pct": 18.81,
          "source_scope_role": "OUTLET_SEARCH_ONLY_NOT_WATERSHED",
          "official_scope_is_watershed": false,
          "downstream_reaches_santa_eulalia_faja": true
        },
        "confidence": "LOW_CANDIDATE",
        "confidence_reason": "El RPAS identifica Cashahuacra/Shingolay de forma conjunta; GLO-30 apenas resuelve una cuenca pequeña y no existe outlet oficial explícito.",
        "map_disclaimer": "Microcuenca candidata REVIEW_ONLY; outlet y área no han sido aprobados por ANA."
      },
      "geometry": {
        "type": "MultiPolygon",
        "coordinates": [
          [
            [
              [
                -76.67013888888889,
                -11.890694444444444
              ],
              [
                -76.67013888888889,
                -11.890416666666667
              ],
              [
                -76.6698611111111,
                -11.890416666666667
              ],
              [
                -76.6698611111111,
                -11.890694444444444
              ],
              [
                -76.67013888888889,
                -11.890694444444444
              ]
            ]
          ],
          [
            [
              [
                -76.6698611111111,
                -11.890694444444444
              ],
              [
                -76.66958333333332,
                -11.890694444444444
              ],
              [
                -76.66958333333332,
                -11.890972222222222
              ],
              [
                -76.66874999999999,
                -11.890972222222222
              ],
              [
                -76.66874999999999,
                -11.89125
              ],
              [
                -76.66819444444444,
                -11.89125
              ],
              [
                -76.66819444444444,
                -11.891527777777776
              ],
              [
                -76.66791666666666,
                -11.891527777777776
              ],
              [
                -76.66791666666666,
                -11.891805555555555
              ],
              [
                -76.6673611111111,
                -11.891805555555555
              ],
              [
                -76.6673611111111,
                -11.892083333333332
              ],
              [
                -76.66708333333332,
                -11.892083333333332
              ],
              [
                -76.66708333333332,
                -11.89236111111111
              ],
              [
                -76.66680555555554,
                -11.89236111111111
              ],
              [
                -76.66680555555554,
                -11.892638888888888
              ],
              [
                -76.66652777777777,
                -11.892638888888888
              ],
              [
                -76.66652777777777,
                -11.892916666666666
              ],
              [
                -76.66569444444444,
                -11.892916666666666
              ],
              [
                -76.66569444444444,
                -11.893194444444443
              ],
              [
                -76.66513888888888,
                -11.893194444444443
              ],
              [
                -76.66513888888888,
                -11.893472222222222
              ],
              [
                -76.66458333333333,
                -11.893472222222222
              ],
              [
                -76.66458333333333,
                -11.893749999999999
              ],
              [
                -76.66402777777776,
                -11.893749999999999
              ],
              [
                -76.66402777777776,
                -11.894027777777778
              ],
              [
                -76.66375,
                -11.894027777777778
              ],
              [
                -76.66375,
                -11.894305555555555
              ],
              [
                -76.66347222222221,
                -11.894305555555555
              ],
              [
                -76.66347222222221,
                -11.894583333333333
              ],
              [
                -76.66319444444443,
                -11.894583333333333
              ],
              [
                -76.66319444444443,
                -11.89486111111111
              ],
              [
                -76.66291666666666,
                -11.89486111111111
              ],
              [
                -76.66291666666666,
                -11.895138888888889
              ],
              [
                -76.66263888888888,
                -11.895138888888889
              ],
              [
                -76.66263888888888,
                -11.89875
              ],
              [
                -76.6623611111111,
                -11.89875
              ],
              [
                -76.6623611111111,
                -11.899305555555555
              ],
              [
                -76.66263888888888,
                -11.899305555555555
              ],
              [
                -76.66263888888888,
                -11.899027777777777
              ],
              [
                -76.66291666666666,
                -11.899027777777777
              ],
              [
                -76.66291666666666,
                -11.89875
              ],
              [
                -76.66319444444443,
                -11.89875
              ],
              [
                -76.66319444444443,
                -11.897916666666665
              ],
              [
                -76.66347222222221,
                -11.897916666666665
              ],
              [
                -76.66347222222221,
                -11.897638888888888
              ],
              [
                -76.66375,
                -11.897638888888888
              ],
              [
                -76.66375,
                -11.89736111111111
              ],
              [
                -76.66402777777776,
                -11.89736111111111
              ],
              [
                -76.66402777777776,
                -11.897083333333333
              ],
              [
                -76.66430555555554,
                -11.897083333333333
              ],
              [
                -76.66430555555554,
                -11.896805555555554
              ],
              [
                -76.66458333333333,
                -11.896805555555554
              ],
              [
                -76.66458333333333,
                -11.896527777777777
              ],
              [
                -76.66486111111111,
                -11.896527777777777
              ],
              [
                -76.66486111111111,
                -11.89625
              ],
              [
                -76.66513888888888,
                -11.89625
              ],
              [
                -76.66513888888888,
                -11.895972222222222
              ],
              [
                -76.66541666666666,
                -11.895972222222222
              ],
              [
                -76.66541666666666,
                -11.895694444444445
              ],
              [
                -76.66569444444444,
                -11.895694444444445
              ],
              [
                -76.66569444444444,
                -11.895416666666666
              ],
              [
                -76.66652777777777,
                -11.895416666666666
              ],
              [
                -76.66652777777777,
                -11.895138888888889
              ],
              [
                -76.66708333333332,
                -11.895138888888889
              ],
              [
                -76.66708333333332,
                -11.89486111111111
              ],
              [
                -76.6673611111111,
                -11.89486111111111
              ],
              [
                -76.6673611111111,
                -11.894583333333333
              ],
              [
                -76.66763888888887,
                -11.894583333333333
              ],
              [
                -76.66763888888887,
                -11.894305555555555
              ],
              [
                -76.66791666666666,
                -11.894305555555555
              ],
              [
                -76.66791666666666,
                -11.894027777777778
              ],
              [
                -76.66819444444444,
                -11.894027777777778
              ],
              [
                -76.66819444444444,
                -11.893749999999999
              ],
              [
                -76.6684722222222,
                -11.893749999999999
              ],
              [
                -76.6684722222222,
                -11.893472222222222
              ],
              [
                -76.66874999999999,
                -11.893472222222222
              ],
              [
                -76.66874999999999,
                -11.893194444444443
              ],
              [
                -76.66902777777777,
                -11.893194444444443
              ],
              [
                -76.66902777777777,
                -11.892916666666666
              ],
              [
                -76.66930555555554,
                -11.892916666666666
              ],
              [
                -76.66930555555554,
                -11.892638888888888
              ],
              [
                -76.66958333333332,
                -11.892638888888888
              ],
              [
                -76.66958333333332,
                -11.89236111111111
              ],
              [
                -76.6698611111111,
                -11.89236111111111
              ],
              [
                -76.6698611111111,
                -11.892083333333332
              ],
              [
                -76.67013888888889,
                -11.892083333333332
              ],
              [
                -76.67013888888889,
                -11.89125
              ],
              [
                -76.6698611111111,
                -11.89125
              ],
              [
                -76.6698611111111,
                -11.890694444444444
              ]
            ]
          ]
        ]
      }
    },
    {
      "type": "Feature",
      "properties": {
        "unit_id": "santa_eulalia_faja_2004",
        "name": "Río Santa Eulalia · faja marginal oficial 2004",
        "wave_id": "W1_GEOMETRY_NORMALIZATION",
        "deployment_status": "RESEARCH_ONLY",
        "candidate_status": "REVIEW_ONLY",
        "production_use": false,
        "production_ready": false,
        "alerting_enabled": false,
        "decision_thresholds": null,
        "loaded_into_operational_calculation": false,
        "carries_alert_values": false,
        "carries_risk_classification": false,
        "geometry_sha256": "08e2b746615a80d1b595d235a69c9b5f234332196f7f159c1da681efeb27336b",
        "hydrologic_role": "official_river_faja_marginal",
        "representation": "OFFICIAL_SIGRID_WKT_POLYGON",
        "source_ids": [
          "ANA-FM-SANTA-EULALIA-6063"
        ],
        "source_date": "2004",
        "method": "WKT publicado por SIGRID para el ámbito del documento ANA",
        "source_geometry_sha256": "ffa8250f4a3434cdd9d72fc26e5dd76bd834e7804054325d6d13fe40ade59a83",
        "outlet": null,
        "coverage": {
          "declared_length_km": 6.08,
          "declared_limits": "desembocadura en el Rímac a Puente de Palo"
        },
        "confidence": "HIGH_SOURCE_GEOMETRY_MEDIUM_CURRENTNESS",
        "confidence_reason": "Geometría oficial reproducible; resolución de 2004 y vigencia material requieren revisión ANA.",
        "map_disclaimer": "Faja marginal oficial; no es cuenca, mancha de inundación ni umbral de desborde."
      },
      "geometry": {
        "type": "Polygon",
        "coordinates": [
          [
            [
              -76.64852544,
              -11.87876658
            ],
            [
              -76.64945671,
              -11.87794756
            ],
            [
              -76.64996673,
              -11.87881241
            ],
            [
              -76.65008476,
              -11.8801225
            ],
            [
              -76.65073096,
              -11.88226118
            ],
            [
              -76.65077486,
              -11.88345419
            ],
            [
              -76.65117682,
              -11.88466318
            ],
            [
              -76.65172636,
              -11.88598883
            ],
            [
              -76.6528348,
              -11.88714849
            ],
            [
              -76.65321777,
              -11.88824911
            ],
            [
              -76.65342257,
              -11.89024572
            ],
            [
              -76.6542187,
              -11.891362
            ],
            [
              -76.65481536,
              -11.89288624
            ],
            [
              -76.65812377,
              -11.89506351
            ],
            [
              -76.65872625,
              -11.89602723
            ],
            [
              -76.6594806,
              -11.89630303
            ],
            [
              -76.66011705,
              -11.89681456
            ],
            [
              -76.66046149,
              -11.89760804
            ],
            [
              -76.66149346,
              -11.89825283
            ],
            [
              -76.66303031,
              -11.90041333
            ],
            [
              -76.66318091,
              -11.90102715
            ],
            [
              -76.6632135,
              -11.90185862
            ],
            [
              -76.66355928,
              -11.90286904
            ],
            [
              -76.66383849,
              -11.90350018
            ],
            [
              -76.66394018,
              -11.90512675
            ],
            [
              -76.66352619,
              -11.90648516
            ],
            [
              -76.6621462,
              -11.90899733
            ],
            [
              -76.66251364,
              -11.91055001
            ],
            [
              -76.66315273,
              -11.91450567
            ],
            [
              -76.66389236,
              -11.91536913
            ],
            [
              -76.66548123,
              -11.91700499
            ],
            [
              -76.66579839,
              -11.91783477
            ],
            [
              -76.66666456,
              -11.91837204
            ],
            [
              -76.6670345,
              -11.91882184
            ],
            [
              -76.66690431,
              -11.92005202
            ],
            [
              -76.66727899,
              -11.92127921
            ],
            [
              -76.66741258,
              -11.92211008
            ],
            [
              -76.66900516,
              -11.92284191
            ],
            [
              -76.6697674,
              -11.92289163
            ],
            [
              -76.67024661,
              -11.92319614
            ],
            [
              -76.66869709,
              -11.92350364
            ],
            [
              -76.66848431,
              -11.92323371
            ],
            [
              -76.66752842,
              -11.92304049
            ],
            [
              -76.66708405,
              -11.92242842
            ],
            [
              -76.66683926,
              -11.92142645
            ],
            [
              -76.66680011,
              -11.92102893
            ],
            [
              -76.66647271,
              -11.92002745
            ],
            [
              -76.66661423,
              -11.91914976
            ],
            [
              -76.66641865,
              -11.91868988
            ],
            [
              -76.66566373,
              -11.91833276
            ],
            [
              -76.665229,
              -11.91779294
            ],
            [
              -76.66375248,
              -11.91651801
            ],
            [
              -76.66252074,
              -11.9147354
            ],
            [
              -76.66238123,
              -11.91292826
            ],
            [
              -76.66185037,
              -11.91167486
            ],
            [
              -76.66175193,
              -11.91058162
            ],
            [
              -76.66127841,
              -11.90969851
            ],
            [
              -76.66135531,
              -11.90875792
            ],
            [
              -76.66174386,
              -11.90774317
            ],
            [
              -76.6630956,
              -11.90511365
            ],
            [
              -76.66329089,
              -11.90401868
            ],
            [
              -76.66290532,
              -11.90250227
            ],
            [
              -76.66259082,
              -11.90210637
            ],
            [
              -76.66248205,
              -11.90082336
            ],
            [
              -76.66200982,
              -11.90014815
            ],
            [
              -76.66192479,
              -11.8997509
            ],
            [
              -76.6609446,
              -11.89856342
            ],
            [
              -76.66008856,
              -11.8981707
            ],
            [
              -76.65967283,
              -11.8977302
            ],
            [
              -76.6590427,
              -11.89674856
            ],
            [
              -76.65829896,
              -11.89670773
            ],
            [
              -76.65735402,
              -11.89527595
            ],
            [
              -76.65408571,
              -11.8936589
            ],
            [
              -76.65393345,
              -11.89276485
            ],
            [
              -76.65245823,
              -11.89015193
            ],
            [
              -76.65258865,
              -11.88894886
            ],
            [
              -76.65123026,
              -11.88743811
            ],
            [
              -76.65094799,
              -11.8862917
            ],
            [
              -76.64974152,
              -11.88409302
            ],
            [
              -76.64947049,
              -11.88176231
            ],
            [
              -76.64942948,
              -11.8810484
            ],
            [
              -76.64852544,
              -11.87876658
            ]
          ]
        ]
      }
    },
    {
      "type": "Feature",
      "properties": {
        "unit_id": "rimac_faja_2020",
        "name": "Río Rímac · faja marginal oficial 2020",
        "wave_id": "W1_GEOMETRY_NORMALIZATION",
        "deployment_status": "RESEARCH_ONLY",
        "candidate_status": "REVIEW_ONLY",
        "production_use": false,
        "production_ready": false,
        "alerting_enabled": false,
        "decision_thresholds": null,
        "loaded_into_operational_calculation": false,
        "carries_alert_values": false,
        "carries_risk_classification": false,
        "geometry_sha256": "64185925543f7daedd1bea283fe8087777c5523bf18c4321f1f88d80d60beafc",
        "hydrologic_role": "official_river_faja_marginal",
        "representation": "OFFICIAL_SIGRID_WKT_POLYGON",
        "source_ids": [
          "ANA-FM-RIMAC-9803"
        ],
        "source_date": "2020",
        "method": "WKT publicado por SIGRID para el ámbito del documento ANA",
        "source_geometry_sha256": "96c491286c330f17d6e5ef229cc7008698eed920202d5c407b867e57ecf29cea",
        "outlet": null,
        "coverage": {
          "declared_length_km": 58.3,
          "declared_limits": "desembocadura al mar a confluencia Rímac–Santa Eulalia"
        },
        "confidence": "HIGH_SOURCE_GEOMETRY_MEDIUM_CURRENTNESS",
        "confidence_reason": "Geometría oficial reproducible; la modificación 2022 se conserva como unidad separada y no se fusiona automáticamente.",
        "map_disclaimer": "Faja marginal oficial; no es cuenca ni mancha de inundación. Véase actualización parcial 2022."
      },
      "geometry": {
        "type": "Polygon",
        "coordinates": [
          [
            [
              -76.6690154,
              -11.92392485
            ],
            [
              -76.66910128,
              -11.92272942
            ],
            [
              -76.66970703,
              -11.92299268
            ],
            [
              -76.67020811,
              -11.92299708
            ],
            [
              -76.67074951,
              -11.92283155
            ],
            [
              -76.67176565,
              -11.92271109
            ],
            [
              -76.67270036,
              -11.92282779
            ],
            [
              -76.67363283,
              -11.92286549
            ],
            [
              -76.6752308,
              -11.92262033
            ],
            [
              -76.6759484,
              -11.92297595
            ],
            [
              -76.67653187,
              -11.92316552
            ],
            [
              -76.67742827,
              -11.92363116
            ],
            [
              -76.67798144,
              -11.92388481
            ],
            [
              -76.67900039,
              -11.9241415
            ],
            [
              -76.67981606,
              -11.92402424
            ],
            [
              -76.68062463,
              -11.92422344
            ],
            [
              -76.68142693,
              -11.92420142
            ],
            [
              -76.68195735,
              -11.92421849
            ],
            [
              -76.682297,
              -11.92430405
            ],
            [
              -76.68252522,
              -11.92442429
            ],
            [
              -76.68288941,
              -11.92480963
            ],
            [
              -76.6833722,
              -11.92541309
            ],
            [
              -76.68396014,
              -11.92576065
            ],
            [
              -76.68453691,
              -11.92571319
            ],
            [
              -76.68513374,
              -11.9258075
            ],
            [
              -76.6855278,
              -11.92611294
            ],
            [
              -76.6860235,
              -11.92660535
            ],
            [
              -76.68773526,
              -11.92807639
            ],
            [
              -76.68801207,
              -11.9282111
            ],
            [
              -76.68895267,
              -11.92910241
            ],
            [
              -76.68970557,
              -11.92960355
            ],
            [
              -76.69059087,
              -11.93024337
            ],
            [
              -76.69068454,
              -11.93071518
            ],
            [
              -76.69063559,
              -11.93125417
            ],
            [
              -76.69075248,
              -11.93197836
            ],
            [
              -76.69165473,
              -11.93264933
            ],
            [
              -76.69237699,
              -11.933768
            ],
            [
              -76.69295358,
              -11.9354125
            ],
            [
              -76.69411224,
              -11.93662985
            ],
            [
              -76.69436953,
              -11.93720785
            ],
            [
              -76.69501328,
              -11.93782265
            ],
            [
              -76.69576048,
              -11.9386876
            ],
            [
              -76.69701445,
              -11.93930141
            ],
            [
              -76.69764979,
              -11.94018525
            ],
            [
              -76.69842248,
              -11.94138155
            ],
            [
              -76.699154,
              -11.94169347
            ],
            [
              -76.69953911,
              -11.94168286
            ],
            [
              -76.70017165,
              -11.94190263
            ],
            [
              -76.70080644,
              -11.94220139
            ],
            [
              -76.70141857,
              -11.94283284
            ],
            [
              -76.70186889,
              -11.94342132
            ],
            [
              -76.70253533,
              -11.94370339
            ],
            [
              -76.70348039,
              -11.94418334
            ],
            [
              -76.70412654,
              -11.9444236
            ],
            [
              -76.70572428,
              -11.94442537
            ],
            [
              -76.70730782,
              -11.94447334
            ],
            [
              -76.70781829,
              -11.94425347
            ],
            [
              -76.70887029,
              -11.9445407
            ],
            [
              -76.70917048,
              -11.94506344
            ],
            [
              -76.7096043,
              -11.94613589
            ],
            [
              -76.71012708,
              -11.94651857
            ],
            [
              -76.71085945,
              -11.94663582
            ],
            [
              -76.71149333,
              -11.94710707
            ],
            [
              -76.71183533,
              -11.94767802
            ],
            [
              -76.71190196,
              -11.9489286
            ],
            [
              -76.71205928,
              -11.94955047
            ],
            [
              -76.71243055,
              -11.95005952
            ],
            [
              -76.71318452,
              -11.95038998
            ],
            [
              -76.714266,
              -11.95023793
            ],
            [
              -76.71501345,
              -11.95033947
            ],
            [
              -76.71613854,
              -11.95062912
            ],
            [
              -76.71935386,
              -11.95078464
            ],
            [
              -76.7203357,
              -11.95149061
            ],
            [
              -76.72092903,
              -11.95162694
            ],
            [
              -76.72200152,
              -11.9517042
            ],
            [
              -76.72278562,
              -11.95200325
            ],
            [
              -76.72365445,
              -11.95200977
            ],
            [
              -76.72424734,
              -11.95213082
            ],
            [
              -76.72533158,
              -11.95262011
            ],
            [
              -76.72623681,
              -11.95335871
            ],
            [
              -76.72799924,
              -11.95253487
            ],
            [
              -76.73020147,
              -11.95422644
            ],
            [
              -76.7319303,
              -11.95610294
            ],
            [
              -76.73198111,
              -11.95733862
            ],
            [
              -76.73244518,
              -11.95837959
            ],
            [
              -76.73324675,
              -11.95928902
            ],
            [
              -76.73418761,
              -11.95964476
            ],
            [
              -76.73504792,
              -11.95989582
            ],
            [
              -76.73552031,
              -11.96014237
            ],
            [
              -76.73624178,
              -11.96096236
            ],
            [
              -76.73645876,
              -11.9620407
            ],
            [
              -76.73758758,
              -11.96300212
            ],
            [
              -76.73859569,
              -11.96353924
            ],
            [
              -76.73948417,
              -11.9642324
            ],
            [
              -76.74004782,
              -11.96441531
            ],
            [
              -76.74121551,
              -11.96456618
            ],
            [
              -76.74187259,
              -11.96476176
            ],
            [
              -76.74256504,
              -11.96510908
            ],
            [
              -76.74312782,
              -11.96526145
            ],
            [
              -76.74371615,
              -11.96576438
            ],
            [
              -76.74432435,
              -11.96641948
            ],
            [
              -76.744864,
              -11.9668474
            ],
            [
              -76.74525804,
              -11.96706554
            ],
            [
              -76.74646329,
              -11.96744442
            ],
            [
              -76.74769929,
              -11.96727263
            ],
            [
              -76.74919595,
              -11.9675365
            ],
            [
              -76.75031301,
              -11.9680858
            ],
            [
              -76.75127352,
              -11.96804383
            ],
            [
              -76.75183298,
              -11.96753958
            ],
            [
              -76.75311203,
              -11.96832871
            ],
            [
              -76.75446578,
              -11.96955865
            ],
            [
              -76.75550535,
              -11.97011008
            ],
            [
              -76.75647505,
              -11.97038854
            ],
            [
              -76.75777915,
              -11.97042862
            ],
            [
              -76.75877958,
              -11.97015644
            ],
            [
              -76.76137944,
              -11.96994664
            ],
            [
              -76.76291278,
              -11.97040792
            ],
            [
              -76.76462538,
              -11.97116963
            ],
            [
              -76.76603108,
              -11.97204678
            ],
            [
              -76.76804401,
              -11.97246412
            ],
            [
              -76.76994655,
              -11.97335793
            ],
            [
              -76.77255018,
              -11.97381985
            ],
            [
              -76.77408498,
              -11.97379232
            ],
            [
              -76.77579377,
              -11.9738821
            ],
            [
              -76.77818756,
              -11.97405966
            ],
            [
              -76.78006406,
              -11.97458759
            ],
            [
              -76.78370583,
              -11.97608938
            ],
            [
              -76.78544021,
              -11.9765296
            ],
            [
              -76.7873132,
              -11.9769354
            ],
            [
              -76.79104376,
              -11.9772129
            ],
            [
              -76.79477378,
              -11.97800956
            ],
            [
              -76.79629118,
              -11.97845577
            ],
            [
              -76.79746269,
              -11.97927814
            ],
            [
              -76.8012489,
              -11.98040906
            ],
            [
              -76.80302227,
              -11.98058845
            ],
            [
              -76.80607125,
              -11.98143452
            ],
            [
              -76.81024096,
              -11.98188264
            ],
            [
              -76.81204085,
              -11.98244298
            ],
            [
              -76.81302471,
              -11.98267497
            ],
            [
              -76.8144115,
              -11.98289566
            ],
            [
              -76.81638098,
              -11.98342066
            ],
            [
              -76.81705444,
              -11.98364608
            ],
            [
              -76.81833363,
              -11.9839003
            ],
            [
              -76.82036064,
              -11.98480539
            ],
            [
              -76.82192542,
              -11.98528062
            ],
            [
              -76.82377224,
              -11.98585479
            ],
            [
              -76.82486414,
              -11.98606843
            ],
            [
              -76.82561863,
              -11.9864137
            ],
            [
              -76.82762441,
              -11.9871208
            ],
            [
              -76.83373077,
              -11.98910205
            ],
            [
              -76.83832819,
              -11.99199595
            ],
            [
              -76.83987532,
              -11.99346402
            ],
            [
              -76.84108152,
              -11.99494168
            ],
            [
              -76.84125256,
              -11.99708981
            ],
            [
              -76.8413469,
              -11.99766738
            ],
            [
              -76.84256646,
              -11.99960271
            ],
            [
              -76.84421016,
              -12.00065574
            ],
            [
              -76.84658447,
              -12.00176447
            ],
            [
              -76.84768572,
              -12.00229835
            ],
            [
              -76.84878298,
              -12.00269491
            ],
            [
              -76.85351608,
              -12.00437826
            ],
            [
              -76.85633933,
              -12.00492452
            ],
            [
              -76.85807153,
              -12.00528782
            ],
            [
              -76.86044001,
              -12.00566365
            ],
            [
              -76.8625689,
              -12.00580194
            ],
            [
              -76.86408895,
              -12.00580475
            ],
            [
              -76.86626921,
              -12.00610951
            ],
            [
              -76.86806695,
              -12.00659302
            ],
            [
              -76.87029984,
              -12.00657562
            ],
            [
              -76.87226313,
              -12.00688647
            ],
            [
              -76.87405195,
              -12.00706482
            ],
            [
              -76.87619016,
              -12.00752336
            ],
            [
              -76.87846872,
              -12.00800843
            ],
            [
              -76.88131709,
              -12.00835518
            ],
            [
              -76.88497867,
              -12.00999184
            ],
            [
              -76.88679547,
              -12.0105968
            ],
            [
              -76.88778068,
              -12.01087419
            ],
            [
              -76.88985123,
              -12.01167039
            ],
            [
              -76.8927261,
              -12.01186356
            ],
            [
              -76.89482451,
              -12.01255205
            ],
            [
              -76.89762681,
              -12.01291516
            ],
            [
              -76.899332,
              -12.0134163
            ],
            [
              -76.90022109,
              -12.01358949
            ],
            [
              -76.90147287,
              -12.01396611
            ],
            [
              -76.90203251,
              -12.01401126
            ],
            [
              -76.90696161,
              -12.01655799
            ],
            [
              -76.9083825,
              -12.01688395
            ],
            [
              -76.91190112,
              -12.01840201
            ],
            [
              -76.9167679,
              -12.01988158
            ],
            [
              -76.9221649,
              -12.0209337
            ],
            [
              -76.92758724,
              -12.02126746
            ],
            [
              -76.93139867,
              -12.02114334
            ],
            [
              -76.94249401,
              -12.01980336
            ],
            [
              -76.94857245,
              -12.01978208
            ],
            [
              -76.94979968,
              -12.0198538
            ],
            [
              -76.95211197,
              -12.02021447
            ],
            [
              -76.95295227,
              -12.02053122
            ],
            [
              -76.96326385,
              -12.02416961
            ],
            [
              -76.96838966,
              -12.0260222
            ],
            [
              -76.97014095,
              -12.02598718
            ],
            [
              -76.97120779,
              -12.02588021
            ],
            [
              -76.97273628,
              -12.02565313
            ],
            [
              -76.97272033,
              -12.02563832
            ],
            [
              -76.97466986,
              -12.02549072
            ],
            [
              -76.97652269,
              -12.02574277
            ],
            [
              -76.9790406,
              -12.0248919
            ],
            [
              -76.98047553,
              -12.0251712
            ],
            [
              -76.98134272,
              -12.025131
            ],
            [
              -76.98433606,
              -12.02567073
            ],
            [
              -76.98824804,
              -12.02633663
            ],
            [
              -76.9914483,
              -12.02653451
            ],
            [
              -76.99587114,
              -12.02665133
            ],
            [
              -76.99632271,
              -12.02671463
            ],
            [
              -76.99791436,
              -12.02705036
            ],
            [
              -76.99978715,
              -12.02745429
            ],
            [
              -77.00127124,
              -12.02782362
            ],
            [
              -77.00490967,
              -12.02919924
            ],
            [
              -77.00581553,
              -12.02941732
            ],
            [
              -77.00709231,
              -12.02959416
            ],
            [
              -77.00839917,
              -12.0297396
            ],
            [
              -77.00914919,
              -12.02993164
            ],
            [
              -77.0100769,
              -12.03036276
            ],
            [
              -77.01077359,
              -12.03084633
            ],
            [
              -77.01126796,
              -12.03130522
            ],
            [
              -77.01191177,
              -12.03209559
            ],
            [
              -77.01249816,
              -12.03304024
            ],
            [
              -77.01269726,
              -12.03347712
            ],
            [
              -77.01282796,
              -12.0347402
            ],
            [
              -77.01341247,
              -12.03718071
            ],
            [
              -77.01405806,
              -12.03958891
            ],
            [
              -77.01470872,
              -12.04112695
            ],
            [
              -77.01652139,
              -12.04263138
            ],
            [
              -77.01778089,
              -12.04326653
            ],
            [
              -77.01918804,
              -12.04365318
            ],
            [
              -77.02158175,
              -12.04332443
            ],
            [
              -77.02321623,
              -12.04302319
            ],
            [
              -77.02476233,
              -12.0430883
            ],
            [
              -77.02885335,
              -12.04302474
            ],
            [
              -77.02946073,
              -12.04280571
            ],
            [
              -77.03149936,
              -12.04192261
            ],
            [
              -77.03398187,
              -12.04095339
            ],
            [
              -77.03646053,
              -12.03985608
            ],
            [
              -77.03755935,
              -12.03927487
            ],
            [
              -77.03956728,
              -12.03861237
            ],
            [
              -77.04067978,
              -12.03848855
            ],
            [
              -77.04368814,
              -12.03830972
            ],
            [
              -77.04496081,
              -12.03856576
            ],
            [
              -77.04585513,
              -12.03799048
            ],
            [
              -77.04661819,
              -12.03675979
            ],
            [
              -77.0471003,
              -12.0360866
            ],
            [
              -77.04819138,
              -12.03524924
            ],
            [
              -77.05044912,
              -12.03547668
            ],
            [
              -77.05117948,
              -12.03563858
            ],
            [
              -77.05225809,
              -12.03624814
            ],
            [
              -77.05308577,
              -12.0365537
            ],
            [
              -77.05378821,
              -12.03640512
            ],
            [
              -77.05467322,
              -12.03614137
            ],
            [
              -77.05677457,
              -12.03611694
            ],
            [
              -77.05838168,
              -12.03574064
            ],
            [
              -77.05965754,
              -12.03548383
            ],
            [
              -77.06106239,
              -12.03518664
            ],
            [
              -77.06387536,
              -12.03470202
            ],
            [
              -77.0657137,
              -12.03459362
            ],
            [
              -77.06673207,
              -12.03443583
            ],
            [
              -77.06745581,
              -12.03437815
            ],
            [
              -77.06868026,
              -12.03426928
            ],
            [
              -77.06995771,
              -12.03406732
            ],
            [
              -77.07230167,
              -12.03407234
            ],
            [
              -77.07300956,
              -12.03410666
            ],
            [
              -77.07426412,
              -12.0343814
            ],
            [
              -77.07598056,
              -12.03455114
            ],
            [
              -77.07697162,
              -12.03472368
            ],
            [
              -77.07756635,
              -12.03470635
            ],
            [
              -77.0782661,
              -12.03508879
            ],
            [
              -77.07938231,
              -12.03509288
            ],
            [
              -77.08043463,
              -12.03544672
            ],
            [
              -77.08285081,
              -12.03599882
            ],
            [
              -77.08454919,
              -12.03618733
            ],
            [
              -77.08608912,
              -12.0366734
            ],
            [
              -77.08734202,
              -12.03689318
            ],
            [
              -77.09251865,
              -12.03769421
            ],
            [
              -77.09355017,
              -12.03797535
            ],
            [
              -77.09682508,
              -12.03863038
            ],
            [
              -77.09798008,
              -12.03868819
            ],
            [
              -77.09902963,
              -12.03895047
            ],
            [
              -77.09988028,
              -12.03940164
            ],
            [
              -77.10226367,
              -12.04010095
            ],
            [
              -77.10503016,
              -12.04055102
            ],
            [
              -77.10672795,
              -12.04072107
            ],
            [
              -77.10914887,
              -12.04081502
            ],
            [
              -77.11568833,
              -12.0393237
            ],
            [
              -77.11974652,
              -12.03882038
            ],
            [
              -77.12172388,
              -12.03839628
            ],
            [
              -77.12343221,
              -12.03768713
            ],
            [
              -77.12731222,
              -12.03579401
            ],
            [
              -77.13219697,
              -12.03414204
            ],
            [
              -77.13567789,
              -12.03304638
            ],
            [
              -77.13771323,
              -12.03236109
            ],
            [
              -77.14232116,
              -12.03099006
            ],
            [
              -77.14471169,
              -12.029455
            ],
            [
              -77.14732442,
              -12.02755285
            ],
            [
              -77.149402,
              -12.03319533
            ],
            [
              -77.14574567,
              -12.03219885
            ],
            [
              -77.14483902,
              -12.03193612
            ],
            [
              -77.14246893,
              -12.03262626
            ],
            [
              -77.13868485,
              -12.0335837
            ],
            [
              -77.13776111,
              -12.03394199
            ],
            [
              -77.13672198,
              -12.03419328
            ],
            [
              -77.13401208,
              -12.03482476
            ],
            [
              -77.13319926,
              -12.03514299
            ],
            [
              -77.13057293,
              -12.03606639
            ],
            [
              -77.12750835,
              -12.03733381
            ],
            [
              -77.12680766,
              -12.03777382
            ],
            [
              -77.12524308,
              -12.03821242
            ],
            [
              -77.12318083,
              -12.03898694
            ],
            [
              -77.12081159,
              -12.03980615
            ],
            [
              -77.11828118,
              -12.04009451
            ],
            [
              -77.11629275,
              -12.04031342
            ],
            [
              -77.11260061,
              -12.04117132
            ],
            [
              -77.11063997,
              -12.04171072
            ],
            [
              -77.10892707,
              -12.04204649
            ],
            [
              -77.10674444,
              -12.04184256
            ],
            [
              -77.10242921,
              -12.04129036
            ],
            [
              -77.09933547,
              -12.04034533
            ],
            [
              -77.09856091,
              -12.03992164
            ],
            [
              -77.09615165,
              -12.03942073
            ],
            [
              -77.08730885,
              -12.03789356
            ],
            [
              -77.08393212,
              -12.03718864
            ],
            [
              -77.08179735,
              -12.03676884
            ],
            [
              -77.07783008,
              -12.0360536
            ],
            [
              -77.07747311,
              -12.03593583
            ],
            [
              -77.07539804,
              -12.03559346
            ],
            [
              -77.07337873,
              -12.03524944
            ],
            [
              -77.07208919,
              -12.03504896
            ],
            [
              -77.07119489,
              -12.03500175
            ],
            [
              -77.07032192,
              -12.03504547
            ],
            [
              -77.06911496,
              -12.03511722
            ],
            [
              -77.06628015,
              -12.03549266
            ],
            [
              -77.06481462,
              -12.03562685
            ],
            [
              -77.06303312,
              -12.03577021
            ],
            [
              -77.06084657,
              -12.03605351
            ],
            [
              -77.05953684,
              -12.03642118
            ],
            [
              -77.05778213,
              -12.0368384
            ],
            [
              -77.05659591,
              -12.03698273
            ],
            [
              -77.05603558,
              -12.03690746
            ],
            [
              -77.05421795,
              -12.03708845
            ],
            [
              -77.05329192,
              -12.03722521
            ],
            [
              -77.05218819,
              -12.03701923
            ],
            [
              -77.05071871,
              -12.03640271
            ],
            [
              -77.04957945,
              -12.03625268
            ],
            [
              -77.04840575,
              -12.0361952
            ],
            [
              -77.04780938,
              -12.03678015
            ],
            [
              -77.04707747,
              -12.03780851
            ],
            [
              -77.04648823,
              -12.0386313
            ],
            [
              -77.04522437,
              -12.03929056
            ],
            [
              -77.04316011,
              -12.03931385
            ],
            [
              -77.0412429,
              -12.03927791
            ],
            [
              -77.04034908,
              -12.03924891
            ],
            [
              -77.03966354,
              -12.03934203
            ],
            [
              -77.03830451,
              -12.03993079
            ],
            [
              -77.03830783,
              -12.04066316
            ],
            [
              -77.03651087,
              -12.04091669
            ],
            [
              -77.03557167,
              -12.04123691
            ],
            [
              -77.03257637,
              -12.04247737
            ],
            [
              -77.02984181,
              -12.04372858
            ],
            [
              -77.02830776,
              -12.04406602
            ],
            [
              -77.02500071,
              -12.04421675
            ],
            [
              -77.02325615,
              -12.04435882
            ],
            [
              -77.02149107,
              -12.04444125
            ],
            [
              -77.0194979,
              -12.0446821
            ],
            [
              -77.01775991,
              -12.04464082
            ],
            [
              -77.01637006,
              -12.04431471
            ],
            [
              -77.01517527,
              -12.04325032
            ],
            [
              -77.01420605,
              -12.0424694
            ],
            [
              -77.01363236,
              -12.04195177
            ],
            [
              -77.01276752,
              -12.04051149
            ],
            [
              -77.01281177,
              -12.03939599
            ],
            [
              -77.01252703,
              -12.03816789
            ],
            [
              -77.01210695,
              -12.03708107
            ],
            [
              -77.01161902,
              -12.03527882
            ],
            [
              -77.01114432,
              -12.03339988
            ],
            [
              -77.01100447,
              -12.0328697
            ],
            [
              -77.01046638,
              -12.0319847
            ],
            [
              -77.01004993,
              -12.03153882
            ],
            [
              -77.00951271,
              -12.03120328
            ],
            [
              -77.00798032,
              -12.03077435
            ],
            [
              -77.00663929,
              -12.03052305
            ],
            [
              -77.00455186,
              -12.0302017
            ],
            [
              -77.00089611,
              -12.02876552
            ],
            [
              -76.99980206,
              -12.02847653
            ],
            [
              -76.99756974,
              -12.02797612
            ],
            [
              -76.99625379,
              -12.02752561
            ],
            [
              -76.99291593,
              -12.02739282
            ],
            [
              -76.98992388,
              -12.02741793
            ],
            [
              -76.9887259,
              -12.02728452
            ],
            [
              -76.98734244,
              -12.0271717
            ],
            [
              -76.98512967,
              -12.02680799
            ],
            [
              -76.98296518,
              -12.02650392
            ],
            [
              -76.98057789,
              -12.0260078
            ],
            [
              -76.97879182,
              -12.02695976
            ],
            [
              -76.97380954,
              -12.02733194
            ],
            [
              -76.96917587,
              -12.02743452
            ],
            [
              -76.96540636,
              -12.02687109
            ],
            [
              -76.96295837,
              -12.02642234
            ],
            [
              -76.96156988,
              -12.02614161
            ],
            [
              -76.96102441,
              -12.0260504
            ],
            [
              -76.96039605,
              -12.02577839
            ],
            [
              -76.95682583,
              -12.02461375
            ],
            [
              -76.95454061,
              -12.02390072
            ],
            [
              -76.9519789,
              -12.02275289
            ],
            [
              -76.94915858,
              -12.02229937
            ],
            [
              -76.94568279,
              -12.02223095
            ],
            [
              -76.94142348,
              -12.02241389
            ],
            [
              -76.93837634,
              -12.02268423
            ],
            [
              -76.93565323,
              -12.02289948
            ],
            [
              -76.93416728,
              -12.02352206
            ],
            [
              -76.93246438,
              -12.02415084
            ],
            [
              -76.93126358,
              -12.02392563
            ],
            [
              -76.92951169,
              -12.02394515
            ],
            [
              -76.92889186,
              -12.02396285
            ],
            [
              -76.92828439,
              -12.02387334
            ],
            [
              -76.92730681,
              -12.02385546
            ],
            [
              -76.92617832,
              -12.02397928
            ],
            [
              -76.92517401,
              -12.0235805
            ],
            [
              -76.92105258,
              -12.0237134
            ],
            [
              -76.91452946,
              -12.02234226
            ],
            [
              -76.90982994,
              -12.02075104
            ],
            [
              -76.90628413,
              -12.01883679
            ],
            [
              -76.90501011,
              -12.01823184
            ],
            [
              -76.90261751,
              -12.01703277
            ],
            [
              -76.90129612,
              -12.01639861
            ],
            [
              -76.90059996,
              -12.01592986
            ],
            [
              -76.89944635,
              -12.01519931
            ],
            [
              -76.89765874,
              -12.01453258
            ],
            [
              -76.89357813,
              -12.01394625
            ],
            [
              -76.89221221,
              -12.01390872
            ],
            [
              -76.89053144,
              -12.01371218
            ],
            [
              -76.88726451,
              -12.01284309
            ],
            [
              -76.88688633,
              -12.01264008
            ],
            [
              -76.88600512,
              -12.01220706
            ],
            [
              -76.88413303,
              -12.01183269
            ],
            [
              -76.8823025,
              -12.01128918
            ],
            [
              -76.8818978,
              -12.01123959
            ],
            [
              -76.88131862,
              -12.01105754
            ],
            [
              -76.88112463,
              -12.01078822
            ],
            [
              -76.88054723,
              -12.01066718
            ],
            [
              -76.87997609,
              -12.01075972
            ],
            [
              -76.87780821,
              -12.01034787
            ],
            [
              -76.87575014,
              -12.0099787
            ],
            [
              -76.87409008,
              -12.00943029
            ],
            [
              -76.87185931,
              -12.00898963
            ],
            [
              -76.87086349,
              -12.00888042
            ],
            [
              -76.86945762,
              -12.00853853
            ],
            [
              -76.86699394,
              -12.00808915
            ],
            [
              -76.86494779,
              -12.00759739
            ],
            [
              -76.86255099,
              -12.00731402
            ],
            [
              -76.85940764,
              -12.00696013
            ],
            [
              -76.85761789,
              -12.00675116
            ],
            [
              -76.85656185,
              -12.00670466
            ],
            [
              -76.85485091,
              -12.00653925
            ],
            [
              -76.8531258,
              -12.00642003
            ],
            [
              -76.85045883,
              -12.00591514
            ],
            [
              -76.85046455,
              -12.00557906
            ],
            [
              -76.84625399,
              -12.00479705
            ],
            [
              -76.84444377,
              -12.00388618
            ],
            [
              -76.84304668,
              -12.00278041
            ],
            [
              -76.84127983,
              -12.00122698
            ],
            [
              -76.84076305,
              -12.0005239
            ],
            [
              -76.84009925,
              -11.99956538
            ],
            [
              -76.83979231,
              -11.99807765
            ],
            [
              -76.83956023,
              -11.99703062
            ],
            [
              -76.83759637,
              -11.99456652
            ],
            [
              -76.83681218,
              -11.99373353
            ],
            [
              -76.83476428,
              -11.99264599
            ],
            [
              -76.83306354,
              -11.99176243
            ],
            [
              -76.83172588,
              -11.99109768
            ],
            [
              -76.82991622,
              -11.99020188
            ],
            [
              -76.82580942,
              -11.98871405
            ],
            [
              -76.82346046,
              -11.98794024
            ],
            [
              -76.82205951,
              -11.98723138
            ],
            [
              -76.82054344,
              -11.9862967
            ],
            [
              -76.81751882,
              -11.98522111
            ],
            [
              -76.81631225,
              -11.98479688
            ],
            [
              -76.81429627,
              -11.9842732
            ],
            [
              -76.81226608,
              -11.98433015
            ],
            [
              -76.81018319,
              -11.98417479
            ],
            [
              -76.80662712,
              -11.98403017
            ],
            [
              -76.8048715,
              -11.98339221
            ],
            [
              -76.8024477,
              -11.98271186
            ],
            [
              -76.80039806,
              -11.98209737
            ],
            [
              -76.79705326,
              -11.98121369
            ],
            [
              -76.79470801,
              -11.97949266
            ],
            [
              -76.79328887,
              -11.97922694
            ],
            [
              -76.79164562,
              -11.97925763
            ],
            [
              -76.78991563,
              -11.97897004
            ],
            [
              -76.78754141,
              -11.97839503
            ],
            [
              -76.78469158,
              -11.97800126
            ],
            [
              -76.7831746,
              -11.97757023
            ],
            [
              -76.78067594,
              -11.97698335
            ],
            [
              -76.77799186,
              -11.97588239
            ],
            [
              -76.77620206,
              -11.97567273
            ],
            [
              -76.77482721,
              -11.9753293
            ],
            [
              -76.77403822,
              -11.97486262
            ],
            [
              -76.77372474,
              -11.97474919
            ],
            [
              -76.77264247,
              -11.97487101
            ],
            [
              -76.77219257,
              -11.97486828
            ],
            [
              -76.77130958,
              -11.97490817
            ],
            [
              -76.76889732,
              -11.97408967
            ],
            [
              -76.76794809,
              -11.97344417
            ],
            [
              -76.76659137,
              -11.97319182
            ],
            [
              -76.765456,
              -11.973086
            ],
            [
              -76.76314918,
              -11.97215759
            ],
            [
              -76.76082669,
              -11.9717641
            ],
            [
              -76.75876812,
              -11.97137851
            ],
            [
              -76.75721822,
              -11.97142163
            ],
            [
              -76.75599117,
              -11.97136414
            ],
            [
              -76.75470711,
              -11.9709417
            ],
            [
              -76.75320168,
              -11.97037268
            ],
            [
              -76.7524339,
              -11.97010386
            ],
            [
              -76.75175562,
              -11.96971037
            ],
            [
              -76.75080817,
              -11.96912582
            ],
            [
              -76.74945231,
              -11.96890387
            ],
            [
              -76.74855748,
              -11.96853166
            ],
            [
              -76.74796195,
              -11.96831912
            ],
            [
              -76.74635678,
              -11.96805827
            ],
            [
              -76.74507797,
              -11.96781888
            ],
            [
              -76.74425039,
              -11.96762805
            ],
            [
              -76.74389085,
              -11.96753113
            ],
            [
              -76.74306148,
              -11.96619491
            ],
            [
              -76.74235222,
              -11.96580224
            ],
            [
              -76.74158664,
              -11.96560968
            ],
            [
              -76.7399496,
              -11.96531911
            ],
            [
              -76.73936826,
              -11.96506033
            ],
            [
              -76.73798161,
              -11.96430463
            ],
            [
              -76.73695189,
              -11.96355429
            ],
            [
              -76.73603546,
              -11.96296879
            ],
            [
              -76.73531355,
              -11.96213354
            ],
            [
              -76.7347318,
              -11.96077513
            ],
            [
              -76.73310243,
              -11.96020938
            ],
            [
              -76.73196665,
              -11.95900375
            ],
            [
              -76.73117908,
              -11.95749829
            ],
            [
              -76.73113385,
              -11.95714417
            ],
            [
              -76.7308577,
              -11.95647192
            ],
            [
              -76.72924612,
              -11.95571015
            ],
            [
              -76.72845381,
              -11.9549573
            ],
            [
              -76.72778464,
              -11.95458053
            ],
            [
              -76.72692427,
              -11.95425648
            ],
            [
              -76.72604174,
              -11.95428091
            ],
            [
              -76.72488893,
              -11.95383845
            ],
            [
              -76.72348597,
              -11.95307085
            ],
            [
              -76.72178896,
              -11.95269086
            ],
            [
              -76.72045532,
              -11.95266449
            ],
            [
              -76.71928602,
              -11.95220664
            ],
            [
              -76.71768077,
              -11.95166596
            ],
            [
              -76.71703396,
              -11.9515099
            ],
            [
              -76.71538704,
              -11.95176096
            ],
            [
              -76.71457977,
              -11.95160933
            ],
            [
              -76.71341723,
              -11.95138845
            ],
            [
              -76.71223548,
              -11.9510574
            ],
            [
              -76.71122245,
              -11.94988363
            ],
            [
              -76.71099885,
              -11.94879875
            ],
            [
              -76.71063668,
              -11.94792325
            ],
            [
              -76.70927305,
              -11.94740745
            ],
            [
              -76.70871218,
              -11.94688531
            ],
            [
              -76.70835363,
              -11.9461362
            ],
            [
              -76.70749899,
              -11.94544822
            ],
            [
              -76.70614885,
              -11.9454064
            ],
            [
              -76.70491372,
              -11.94545627
            ],
            [
              -76.70335677,
              -11.94548339
            ],
            [
              -76.70110609,
              -11.94483386
            ],
            [
              -76.70053614,
              -11.94342642
            ],
            [
              -76.70049102,
              -11.94296909
            ],
            [
              -76.69989943,
              -11.9424952
            ],
            [
              -76.69862727,
              -11.94237212
            ],
            [
              -76.69838119,
              -11.94218914
            ],
            [
              -76.69783998,
              -11.94179292
            ],
            [
              -76.69744006,
              -11.94128211
            ],
            [
              -76.69643598,
              -11.93985497
            ],
            [
              -76.69553952,
              -11.93938946
            ],
            [
              -76.69511604,
              -11.93917973
            ],
            [
              -76.69441652,
              -11.93829765
            ],
            [
              -76.69377187,
              -11.93765124
            ],
            [
              -76.69336389,
              -11.93685601
            ],
            [
              -76.69268985,
              -11.93630529
            ],
            [
              -76.69237242,
              -11.93587126
            ],
            [
              -76.69197332,
              -11.93482276
            ],
            [
              -76.69160632,
              -11.93377338
            ],
            [
              -76.69056807,
              -11.93283734
            ],
            [
              -76.6898218,
              -11.93200395
            ],
            [
              -76.68961849,
              -11.93163003
            ],
            [
              -76.69001867,
              -11.93101813
            ],
            [
              -76.68999321,
              -11.93068675
            ],
            [
              -76.68940167,
              -11.93021281
            ],
            [
              -76.68888282,
              -11.93003731
            ],
            [
              -76.68848786,
              -11.92970028
            ],
            [
              -76.68820522,
              -11.92936015
            ],
            [
              -76.68681309,
              -11.92840217
            ],
            [
              -76.68598975,
              -11.92768157
            ],
            [
              -76.68470638,
              -11.92659408
            ],
            [
              -76.68391967,
              -11.92659987
            ],
            [
              -76.68336739,
              -11.92637784
            ],
            [
              -76.68230337,
              -11.92566382
            ],
            [
              -76.6818273,
              -11.92529737
            ],
            [
              -76.68127726,
              -11.92515433
            ],
            [
              -76.68066571,
              -11.92510786
            ],
            [
              -76.67998999,
              -11.92506315
            ],
            [
              -76.67946181,
              -11.92512509
            ],
            [
              -76.67854315,
              -11.92500797
            ],
            [
              -76.67738956,
              -11.92453359
            ],
            [
              -76.67626896,
              -11.92408992
            ],
            [
              -76.6753356,
              -11.92402063
            ],
            [
              -76.67426067,
              -11.92428188
            ],
            [
              -76.67379693,
              -11.92427987
            ],
            [
              -76.67279938,
              -11.92405855
            ],
            [
              -76.67215529,
              -11.92399713
            ],
            [
              -76.67123663,
              -11.92387999
            ],
            [
              -76.6705698,
              -11.92388226
            ],
            [
              -76.66968548,
              -11.92381812
            ],
            [
              -76.6690154,
              -11.92392485
            ]
          ]
        ]
      }
    },
    {
      "type": "Feature",
      "properties": {
        "unit_id": "rimac_left_margin_update_2022",
        "name": "Río Rímac · actualización margen izquierda 2022",
        "wave_id": "W1_GEOMETRY_NORMALIZATION",
        "deployment_status": "RESEARCH_ONLY",
        "candidate_status": "REVIEW_ONLY",
        "production_use": false,
        "production_ready": false,
        "alerting_enabled": false,
        "decision_thresholds": null,
        "loaded_into_operational_calculation": false,
        "carries_alert_values": false,
        "carries_risk_classification": false,
        "geometry_sha256": "529022d84c32818adad1837b2e2aac9515adc970acf830a91e99557f8835d5f5",
        "hydrologic_role": "official_updated_faja_left_bank_control",
        "representation": "OFFICIAL_UTM_WGS84_18S_POINTS_TO_MULTILINESTRING",
        "source_ids": [
          "ANA-FM-RIMAC-13214"
        ],
        "source_date": "2022",
        "method": "20 hitos oficiales UTM WGS84 18S convertidos a EPSG:4326 y unidos por cada uno de los dos subtramos documentados, sin conexión entre MI-185-B y MI-204",
        "source_document_sha256": "a1eb0af33d7cd958e940064f167cf3195653ebea1d3400361349fab5a7051433",
        "outlet": null,
        "coverage": {
          "declared_progressive_ranges": [
            {
              "from": "39+950",
              "to": "40+050",
              "point_codes": [
                "MI-185",
                "MI-185-A",
                "MI-185-B"
              ]
            },
            {
              "from": "44+200",
              "to": "46+900",
              "point_codes": [
                "MI-204",
                "MI-205",
                "MI-208",
                "MI-208-A",
                "MI-209",
                "MI-210",
                "MI-212",
                "MI-213",
                "MI-214",
                "MI-215",
                "MI-215-A",
                "MI-216",
                "MI-218",
                "MI-219",
                "MI-220",
                "MI-220-A",
                "MI-221"
              ]
            }
          ],
          "bank": "left",
          "official_points": 20,
          "main_markers": 15,
          "intermediate_markers": 5,
          "components": 2
        },
        "confidence": "HIGH_SOURCE_GEOMETRY_PARTIAL_COVERAGE",
        "confidence_reason": "Hitos oficiales exactos; solo actualizan una margen en dos subtramos separados y no reemplazan toda la faja 2020.",
        "map_disclaimer": "Actualización parcial de margen izquierda; no es eje de río ni polígono de inundación.",
        "point_codes": [
          "MI-185",
          "MI-185-A",
          "MI-185-B",
          "MI-204",
          "MI-205",
          "MI-208",
          "MI-208-A",
          "MI-209",
          "MI-210",
          "MI-212",
          "MI-213",
          "MI-214",
          "MI-215",
          "MI-215-A",
          "MI-216",
          "MI-218",
          "MI-219",
          "MI-220",
          "MI-220-A",
          "MI-221"
        ],
        "component_point_codes": [
          [
            "MI-185",
            "MI-185-A",
            "MI-185-B"
          ],
          [
            "MI-204",
            "MI-205",
            "MI-208",
            "MI-208-A",
            "MI-209",
            "MI-210",
            "MI-212",
            "MI-213",
            "MI-214",
            "MI-215",
            "MI-215-A",
            "MI-216",
            "MI-218",
            "MI-219",
            "MI-220",
            "MI-220-A",
            "MI-221"
          ]
        ],
        "document_reconciliation": {
          "main_markers": 15,
          "intermediate_markers": 5,
          "total_coordinate_rows": 20,
          "technical_basis_page": 4,
          "official_coordinate_table_page": 5,
          "cartographic_annex_page": 7,
          "documented_typographical_errors": [
            {
              "printed": "MI-2016",
              "correct": "MI-216"
            },
            {
              "printed": "MI-2015-A",
              "correct": "MI-215-A"
            }
          ],
          "authoritative_precedence": "El cuadro oficial de coordenadas de la página 5 y el Mapa N.° 1 del anexo cartográfico de la página 7 prevalecen para códigos y coordenadas."
        }
      },
      "geometry": {
        "type": "MultiLineString",
        "coordinates": [
          [
            [
              -76.8103584356541,
              -11.98415177305179
            ],
            [
              -76.80997709852983,
              -11.98405079161447
            ],
            [
              -76.80953501018911,
              -11.984034592398956
            ]
          ],
          [
            [
              -76.7730857651189,
              -11.974622802139164
            ],
            [
              -76.77215011769346,
              -11.974795702428928
            ],
            [
              -76.76817416088699,
              -11.973365905184938
            ],
            [
              -76.76776741631146,
              -11.973187608366509
            ],
            [
              -76.76616290873291,
              -11.972838237408991
            ],
            [
              -76.76529763125531,
              -11.972701784157252
            ],
            [
              -76.76086738942028,
              -11.971391251774241
            ],
            [
              -76.75878368181166,
              -11.971340019313505
            ],
            [
              -76.75714715648073,
              -11.97133980922433
            ],
            [
              -76.7560128307657,
              -11.9712941589943
            ],
            [
              -76.75520238859227,
              -11.970978655084751
            ],
            [
              -76.75468390696317,
              -11.970707016941098
            ],
            [
              -76.75251314120453,
              -11.969901979348823
            ],
            [
              -76.75168127902451,
              -11.96940390928965
            ],
            [
              -76.75087500537342,
              -11.9690817303558
            ],
            [
              -76.7503133841629,
              -11.968929529365138
            ],
            [
              -76.74949846048135,
              -11.968747738699095
            ]
          ]
        ]
      }
    }
  ]
}
